Time,Cell,Users,Traffic_GB,Throughput_Mbps,CPU_Usage,Load_Ratio,Energy_W,Active,Efficiency_Throughput_Mbps_per_W,Efficiency_Data_Transfer_GB_per_W,Efficiency_Users_per_W
2026-01-01 00:00,Cell A,21,4.56,18.3,21.4,0.183,101.9,True,0.17959,0.04475,0.20608
2026-01-01 00:00,Cell B,25,5.21,20.8,23.8,0.208,105.0,True,0.1981,0.04962,0.2381
2026-01-01 00:00,Cell C,19,4.08,16.3,19.7,0.163,99.6,True,0.16365,0.04096,0.19076
2026-01-01 00:00,Cell D,16,3.42,13.7,17.3,0.137,96.4,True,0.14212,0.03548,0.16598
2026-01-01 00:00,Cell E,6,1.39,5.6,10.0,0.056,86.7,True,0.06459,0.01603,0.0692
2026-01-01 00:00,Cell F,17,3.68,14.7,18.3,0.147,97.7,True,0.15046,0.03767,0.174
2026-01-01 00:05,Cell A,16,3.45,13.8,17.4,0.138,96.6,True,0.14286,0.03571,0.16563
2026-01-01 00:05,Cell B,12,2.69,10.7,14.7,0.107,92.9,True,0.11518,0.02896,0.12917
2026-01-01 00:05,Cell C,13,2.72,10.9,14.8,0.109,93.0,True,0.1172,0.02925,0.13978
2026-01-01 00:05,Cell D,10,2.25,9.0,13.1,0.09,90.8,True,0.09912,0.02478,0.11013
2026-01-01 00:05,Cell E,4,0.99,4.0,8.6,0.04,84.8,True,0.04717,0.01167,0.04717
2026-01-01 00:05,Cell F,19,4.06,16.2,19.6,0.162,99.5,True,0.16281,0.0408,0.19095
2026-01-01 00:10,Cell A,26,5.5,22.0,24.8,0.22,106.4,True,0.20677,0.05169,0.24436
2026-01-01 00:10,Cell B,14,3.08,12.3,16.1,0.123,94.8,True,0.12975,0.03249,0.14768
2026-01-01 00:10,Cell C,8,1.86,7.5,11.7,0.075,88.9,True,0.08436,0.02092,0.08999
2026-01-01 00:10,Cell D,13,2.81,11.2,15.1,0.112,93.5,True,0.11979,0.03005,0.13904
2026-01-01 00:10,Cell E,17,3.55,14.2,17.8,0.142,97.0,True,0.14639,0.0366,0.17526
2026-01-01 00:10,Cell F,10,2.13,8.5,12.7,0.085,90.2,True,0.09424,0.02361,0.11086
2026-01-01 00:15,Cell A,30,6.32,25.3,27.7,0.253,110.3,True,0.22937,0.0573,0.27199
2026-01-01 00:15,Cell B,27,5.77,23.1,25.8,0.231,107.7,True,0.21448,0.05357,0.2507
2026-01-01 00:15,Cell C,6,1.34,5.3,9.8,0.053,86.4,True,0.06134,0.01551,0.06944
2026-01-01 00:15,Cell D,23,4.95,19.8,22.8,0.198,103.7,True,0.19094,0.04773,0.22179
2026-01-01 00:15,Cell E,4,0.91,3.6,8.3,0.036,84.4,True,0.04265,0.01078,0.04739
2026-01-01 00:15,Cell F,9,2.06,8.2,12.4,0.082,89.9,True,0.09121,0.02291,0.10011
2026-01-01 00:20,Cell A,12,2.59,10.4,14.3,0.104,92.4,True,0.11255,0.02803,0.12987
2026-01-01 00:20,Cell B,22,4.67,18.7,21.8,0.187,102.4,True,0.18262,0.04561,0.21484
2026-01-01 00:20,Cell C,6,1.39,5.6,10.0,0.056,86.7,True,0.06459,0.01603,0.0692
2026-01-01 00:20,Cell D,23,4.8,19.2,22.3,0.192,103.0,True,0.18641,0.0466,0.2233
2026-01-01 00:20,Cell E,2,0.5,2.0,6.8,0.02,82.4,True,0.02427,0.00607,0.02427
2026-01-01 00:20,Cell F,17,3.69,14.7,18.3,0.147,97.7,True,0.15046,0.03777,0.174
2026-01-01 00:25,Cell A,29,6.07,24.3,26.9,0.243,109.2,True,0.22253,0.05559,0.26557
2026-01-01 00:25,Cell B,16,3.41,13.6,17.3,0.136,96.4,True,0.14108,0.03537,0.16598
2026-01-01 00:25,Cell C,12,2.56,10.2,14.2,0.102,92.3,True,0.11051,0.02774,0.13001
2026-01-01 00:25,Cell D,14,3.02,12.1,15.9,0.121,94.5,True,0.12804,0.03196,0.14815
2026-01-01 00:25,Cell E,15,3.16,12.6,16.4,0.126,95.2,True,0.13235,0.03319,0.15756
2026-01-01 00:25,Cell F,10,2.19,8.8,12.9,0.088,90.5,True,0.09724,0.0242,0.1105
2026-01-01 00:30,Cell A,20,4.35,17.4,20.7,0.174,100.9,True,0.17245,0.04311,0.19822
2026-01-01 00:30,Cell B,28,5.99,24.0,26.6,0.24,108.8,True,0.22059,0.05506,0.25735
2026-01-01 00:30,Cell C,2,0.5,2.0,6.8,0.02,82.4,True,0.02427,0.00607,0.02427
2026-01-01 00:30,Cell D,10,2.14,8.6,12.7,0.086,90.3,True,0.09524,0.0237,0.11074
2026-01-01 00:30,Cell E,6,1.35,5.4,9.8,0.054,86.5,True,0.06243,0.01561,0.06936
2026-01-01 00:30,Cell F,13,2.91,11.6,15.5,0.116,94.0,True,0.1234,0.03096,0.1383
2026-01-01 00:35,Cell A,22,4.7,18.8,21.9,0.188,102.6,True,0.18324,0.04581,0.21442
2026-01-01 00:35,Cell B,14,3.05,12.2,16.0,0.122,94.6,True,0.12896,0.03224,0.14799
2026-01-01 00:35,Cell C,7,1.6,6.4,10.8,0.064,87.7,True,0.07298,0.01824,0.07982
2026-01-01 00:35,Cell D,19,4.07,16.3,19.6,0.163,99.5,True,0.16382,0.0409,0.19095
2026-01-01 00:35,Cell E,6,1.38,5.5,10.0,0.055,86.6,True,0.06351,0.01594,0.06928
2026-01-01 00:35,Cell F,2,0.5,2.0,6.8,0.02,82.4,True,0.02427,0.00607,0.02427
2026-01-01 00:40,Cell A,19,4.14,16.6,19.9,0.166,99.9,True,0.16617,0.04144,0.19019
2026-01-01 00:40,Cell B,6,1.38,5.5,10.0,0.055,86.6,True,0.06351,0.01594,0.06928
2026-01-01 00:40,Cell C,18,3.89,15.6,19.0,0.156,98.7,True,0.15805,0.03941,0.18237
2026-01-01 00:40,Cell D,22,4.67,18.7,21.8,0.187,102.4,True,0.18262,0.04561,0.21484
2026-01-01 00:40,Cell E,20,4.35,17.4,20.7,0.174,100.9,True,0.17245,0.04311,0.19822
2026-01-01 00:40,Cell F,20,4.24,17.0,20.3,0.17,100.4,True,0.16932,0.04223,0.1992
2026-01-01 00:45,Cell A,21,4.53,18.1,21.3,0.181,101.8,True,0.1778,0.0445,0.20629
2026-01-01 00:45,Cell B,16,3.4,13.6,17.2,0.136,96.3,True,0.14123,0.03531,0.16615
2026-01-01 00:45,Cell C,7,1.64,6.5,10.9,0.065,87.9,True,0.07395,0.01866,0.07964
2026-01-01 00:45,Cell D,12,2.69,10.7,14.7,0.107,92.9,True,0.11518,0.02896,0.12917
2026-01-01 00:45,Cell E,5,1.22,4.9,9.4,0.049,85.9,True,0.05704,0.0142,0.05821
2026-01-01 00:45,Cell F,17,3.61,14.4,18.0,0.144,97.3,True,0.148,0.0371,0.17472
2026-01-01 00:50,Cell A,21,4.52,18.1,21.3,0.181,101.7,True,0.17797,0.04444,0.20649
2026-01-01 00:50,Cell B,26,5.61,22.5,25.2,0.225,106.9,True,0.21048,0.05248,0.24322
2026-01-01 00:50,Cell C,11,2.37,9.5,13.5,0.095,91.4,True,0.10394,0.02593,0.12035
2026-01-01 00:50,Cell D,8,1.83,7.3,11.6,0.073,88.8,True,0.08221,0.02061,0.09009
2026-01-01 00:50,Cell E,15,3.16,12.6,16.4,0.126,95.1,True,0.13249,0.03323,0.15773
2026-01-01 00:50,Cell F,13,2.82,11.3,15.1,0.113,93.5,True,0.12086,0.03016,0.13904
2026-01-01 00:55,Cell A,26,5.46,21.8,24.7,0.218,106.2,True,0.20527,0.05141,0.24482
2026-01-01 00:55,Cell B,21,4.52,18.1,21.3,0.181,101.7,True,0.17797,0.04444,0.20649
2026-01-01 00:55,Cell C,15,3.13,12.5,16.3,0.125,95.0,True,0.13158,0.03295,0.15789
2026-01-01 00:55,Cell D,14,3.1,12.4,16.2,0.124,94.9,True,0.13066,0.03267,0.14752
2026-01-01 00:55,Cell E,18,3.83,15.3,18.8,0.153,98.4,True,0.15549,0.03892,0.18293
2026-01-01 00:55,Cell F,7,1.6,6.4,10.8,0.064,87.7,True,0.07298,0.01824,0.07982
2026-01-01 01:00,Cell A,18,3.83,15.3,18.8,0.153,98.4,True,0.15549,0.03892,0.18293
2026-01-01 01:00,Cell B,7,1.57,6.3,10.7,0.063,87.5,True,0.072,0.01794,0.08
2026-01-01 01:00,Cell C,14,2.99,12.0,15.8,0.12,94.3,True,0.12725,0.03171,0.14846
2026-01-01 01:00,Cell D,27,5.68,22.7,25.5,0.227,107.3,True,0.21156,0.05294,0.25163
2026-01-01 01:00,Cell E,8,1.84,7.3,11.6,0.073,88.8,True,0.08221,0.02072,0.09009
2026-01-01 01:00,Cell F,10,2.13,8.5,12.7,0.085,90.2,True,0.09424,0.02361,0.11086
2026-01-01 01:05,Cell A,21,4.54,18.2,21.3,0.182,101.8,True,0.17878,0.0446,0.20629
2026-01-01 01:05,Cell B,14,2.97,11.9,15.7,0.119,94.3,True,0.12619,0.0315,0.14846
2026-01-01 01:05,Cell C,9,2.04,8.2,12.3,0.082,89.8,True,0.09131,0.02272,0.10022
2026-01-01 01:05,Cell D,25,5.24,21.0,23.9,0.21,105.2,True,0.19962,0.04981,0.23764
2026-01-01 01:05,Cell E,6,1.42,5.7,10.1,0.057,86.8,True,0.06567,0.01636,0.06912
2026-01-01 01:05,Cell F,19,4.11,16.5,19.8,0.165,99.7,True,0.1655,0.04122,0.19057
2026-01-01 01:10,Cell A,15,3.16,12.7,16.4,0.127,95.2,True,0.1334,0.03319,0.15756
2026-01-01 01:10,Cell B,22,4.75,19.0,22.1,0.19,102.8,True,0.18482,0.04621,0.21401
2026-01-01 01:10,Cell C,9,2.04,8.2,12.3,0.082,89.8,True,0.09131,0.02272,0.10022
2026-01-01 01:10,Cell D,14,2.96,11.9,15.7,0.119,94.2,True,0.12633,0.03142,0.14862
2026-01-01 01:10,Cell E,10,2.23,8.9,13.0,0.089,90.7,True,0.09813,0.02459,0.11025
2026-01-01 01:10,Cell F,7,1.61,6.4,10.8,0.064,87.7,True,0.07298,0.01836,0.07982
2026-01-01 01:15,Cell A,19,3.97,15.9,19.3,0.159,99.1,True,0.16044,0.04006,0.19173
2026-01-01 01:15,Cell B,13,2.78,11.1,15.0,0.111,93.3,True,0.11897,0.0298,0.13934
2026-01-01 01:15,Cell C,2,0.5,2.0,6.8,0.02,82.4,True,0.02427,0.00607,0.02427
2026-01-01 01:15,Cell D,18,3.83,15.3,18.8,0.153,98.4,True,0.15549,0.03892,0.18293
2026-01-01 01:15,Cell E,5,1.06,4.2,8.8,0.042,85.1,True,0.04935,0.01246,0.05875
2026-01-01 01:15,Cell F,12,2.56,10.3,14.2,0.103,92.3,True,0.11159,0.02774,0.13001
2026-01-01 01:20,Cell A,16,3.49,14.0,17.6,0.14,96.7,True,0.14478,0.03609,0.16546
2026-01-01 01:20,Cell B,15,3.16,12.7,16.4,0.127,95.2,True,0.1334,0.03319,0.15756
2026-01-01 01:20,Cell C,15,3.18,12.7,16.4,0.127,95.3,True,0.13326,0.03337,0.1574
2026-01-01 01:20,Cell D,23,4.96,19.8,22.9,0.198,103.8,True,0.19075,0.04778,0.22158
2026-01-01 01:20,Cell E,15,3.24,13.0,16.7,0.13,95.6,True,0.13598,0.03389,0.1569
2026-01-01 01:20,Cell F,4,1.0,4.0,8.6,0.04,84.8,True,0.04717,0.01179,0.04717
2026-01-01 01:25,Cell A,11,2.43,9.7,13.7,0.097,91.6,True,0.1059,0.02653,0.12009
2026-01-01 01:25,Cell B,8,1.78,7.1,11.4,0.071,88.5,True,0.08023,0.02011,0.0904
2026-01-01 01:25,Cell C,2,0.5,2.0,6.8,0.02,82.4,True,0.02427,0.00607,0.02427
2026-01-01 01:25,Cell D,16,3.49,14.0,17.6,0.14,96.8,True,0.14463,0.03605,0.16529
2026-01-01 01:25,Cell E,8,1.68,6.7,11.0,0.067,88.1,True,0.07605,0.01907,0.09081
2026-01-01 01:25,Cell F,21,4.55,18.2,21.4,0.182,101.8,True,0.17878,0.0447,0.20629
2026-01-01 01:30,Cell A,26,5.48,21.9,24.7,0.219,106.3,True,0.20602,0.05155,0.24459
2026-01-01 01:30,Cell B,14,3.01,12.0,15.8,0.12,94.5,True,0.12698,0.03185,0.14815
2026-01-01 01:30,Cell C,13,2.84,11.3,15.2,0.113,93.6,True,0.12073,0.03034,0.13889
2026-01-01 01:30,Cell D,18,3.81,15.2,18.7,0.152,98.3,True,0.15463,0.03876,0.18311
2026-01-01 01:30,Cell E,5,1.08,4.3,8.9,0.043,85.2,True,0.05047,0.01268,0.05869
2026-01-01 01:30,Cell F,12,2.58,10.3,14.3,0.103,92.4,True,0.11147,0.02792,0.12987
2026-01-01 01:35,Cell A,12,2.55,10.2,14.2,0.102,92.3,True,0.11051,0.02763,0.13001
2026-01-01 01:35,Cell B,2,0.5,2.0,6.8,0.02,82.4,True,0.02427,0.00607,0.02427
2026-01-01 01:35,Cell C,7,1.54,6.1,10.5,0.061,87.4,True,0.06979,0.01762,0.08009
2026-01-01 01:35,Cell D,12,2.52,10.1,14.1,0.101,92.1,True,0.10966,0.02736,0.13029
2026-01-01 01:35,Cell E,18,3.94,15.8,19.2,0.158,98.9,True,0.15976,0.03984,0.182
2026-01-01 01:35,Cell F,15,3.18,12.7,16.5,0.127,95.3,True,0.13326,0.03337,0.1574
2026-01-01 01:40,Cell A,13,2.79,11.2,15.1,0.112,93.4,True,0.11991,0.02987,0.13919
2026-01-01 01:40,Cell B,18,3.78,15.1,18.6,0.151,98.1,True,0.15392,0.03853,0.18349
2026-01-01 01:40,Cell C,2,0.5,2.0,6.8,0.02,82.4,True,0.02427,0.00607,0.02427
2026-01-01 01:40,Cell D,10,2.24,9.0,13.1,0.09,90.7,True,0.09923,0.0247,0.11025
2026-01-01 01:40,Cell E,2,0.5,2.0,6.8,0.02,82.4,True,0.02427,0.00607,0.02427
2026-01-01 01:40,Cell F,14,3.04,12.2,16.0,0.122,94.6,True,0.12896,0.03214,0.14799
2026-01-01 01:45,Cell A,25,5.41,21.6,24.5,0.216,106.0,True,0.20377,0.05104,0.23585
2026-01-01 01:45,Cell B,22,4.66,18.7,21.8,0.187,102.4,True,0.18262,0.04551,0.21484
2026-01-01 01:45,Cell C,11,2.5,10.0,14.0,0.1,92.0,True,0.1087,0.02717,0.11957
2026-01-01 01:45,Cell D,16,3.53,14.1,17.7,0.141,96.9,True,0.14551,0.03643,0.16512
2026-01-01 01:45,Cell E,2,0.51,2.0,6.8,0.02,82.4,True,0.02427,0.00619,0.02427
2026-01-01 01:45,Cell F,19,4.02,16.1,19.5,0.161,99.3,True,0.16213,0.04048,0.19134
2026-01-01 01:50,Cell A,28,5.86,23.4,26.1,0.234,108.1,True,0.21647,0.05421,0.25902
2026-01-01 01:50,Cell B,15,3.25,13.0,16.7,0.13,95.6,True,0.13598,0.034,0.1569
2026-01-01 01:50,Cell C,7,1.51,6.0,10.4,0.06,87.2,True,0.06881,0.01732,0.08028
2026-01-01 01:50,Cell D,16,3.36,13.4,17.1,0.134,96.1,True,0.13944,0.03496,0.16649
2026-01-01 01:50,Cell E,15,3.14,12.5,16.3,0.125,95.0,True,0.13158,0.03305,0.15789
2026-01-01 01:50,Cell F,15,3.25,13.0,16.7,0.13,95.6,True,0.13598,0.034,0.1569
2026-01-01 01:55,Cell A,21,4.46,17.9,21.1,0.179,101.4,True,0.17653,0.04398,0.2071
2026-01-01 01:55,Cell B,19,4.02,16.1,19.5,0.161,99.3,True,0.16213,0.04048,0.19134
2026-01-01 01:55,Cell C,23,4.8,19.2,22.3,0.192,103.0,True,0.18641,0.0466,0.2233
2026-01-01 01:55,Cell D,14,3.1,12.4,16.2,0.124,94.9,True,0.13066,0.03267,0.14752
2026-01-01 01:55,Cell E,4,1.01,4.0,8.6,0.04,84.8,True,0.04717,0.01191,0.04717
2026-01-01 01:55,Cell F,15,3.27,13.1,16.8,0.131,95.7,True,0.13689,0.03417,0.15674
2026-01-01 02:00,Cell A,18,3.87,15.5,18.9,0.155,98.6,True,0.1572,0.03925,0.18256
2026-01-01 02:00,Cell B,12,2.69,10.7,14.7,0.107,92.9,True,0.11518,0.02896,0.12917
2026-01-01 02:00,Cell C,7,1.47,5.9,10.3,0.059,87.1,True,0.06774,0.01688,0.08037
2026-01-01 02:00,Cell D,16,3.45,13.8,17.4,0.138,96.6,True,0.14286,0.03571,0.16563
2026-01-01 02:00,Cell E,11,2.49,10.0,14.0,0.1,92.0,True,0.1087,0.02707,0.11957
2026-01-01 02:00,Cell F,13,2.81,11.2,15.1,0.112,93.5,True,0.11979,0.03005,0.13904
2026-01-01 02:05,Cell A,30,6.31,25.3,27.7,0.253,110.3,True,0.22937,0.05721,0.27199
2026-01-01 02:05,Cell B,14,3.01,12.1,15.9,0.121,94.5,True,0.12804,0.03185,0.14815
2026-01-01 02:05,Cell C,13,2.76,11.0,14.9,0.11,93.2,True,0.11803,0.02961,0.13948
2026-01-01 02:05,Cell D,18,3.8,15.2,18.7,0.152,98.2,True,0.15479,0.0387,0.1833
2026-01-01 02:05,Cell E,14,2.97,11.9,15.7,0.119,94.2,True,0.12633,0.03153,0.14862
2026-01-01 02:05,Cell F,14,3.11,12.5,16.2,0.125,94.9,True,0.13172,0.03277,0.14752
2026-01-01 02:10,Cell A,15,3.31,13.3,16.9,0.133,95.9,True,0.13869,0.03452,0.15641
2026-01-01 02:10,Cell B,29,6.09,24.4,26.9,0.244,109.2,True,0.22344,0.05577,0.26557
2026-01-01 02:10,Cell C,2,0.5,2.0,6.8,0.02,82.4,True,0.02427,0.00607,0.02427
2026-01-01 02:10,Cell D,13,2.84,11.4,15.2,0.114,93.6,True,0.12179,0.03034,0.13889
2026-01-01 02:10,Cell E,5,1.06,4.2,8.8,0.042,85.1,True,0.04935,0.01246,0.05875
2026-01-01 02:10,Cell F,13,2.73,10.9,14.8,0.109,93.1,True,0.11708,0.02932,0.13963
2026-01-01 02:15,Cell A,11,2.48,9.9,13.9,0.099,91.9,True,0.10773,0.02699,0.1197
2026-01-01 02:15,Cell B,8,1.86,7.4,11.7,0.074,88.9,True,0.08324,0.02092,0.08999
2026-01-01 02:15,Cell C,7,1.64,6.6,10.9,0.066,87.9,True,0.07509,0.01866,0.07964
2026-01-01 02:15,Cell D,20,4.32,17.3,20.6,0.173,100.7,True,0.1718,0.0429,0.19861
2026-01-01 02:15,Cell E,2,0.5,2.0,6.8,0.02,82.4,True,0.02427,0.00607,0.02427
2026-01-01 02:15,Cell F,15,3.2,12.8,16.5,0.128,95.4,True,0.13417,0.03354,0.15723
2026-01-01 02:20,Cell A,25,5.35,21.4,24.3,0.214,105.7,True,0.20246,0.05061,0.23652
2026-01-01 02:20,Cell B,9,2.02,8.1,12.3,0.081,89.7,True,0.0903,0.02252,0.10033
2026-01-01 02:20,Cell C,2,0.5,2.0,6.8,0.02,82.4,True,0.02427,0.00607,0.02427
2026-01-01 02:20,Cell D,17,3.57,14.3,17.8,0.143,97.1,True,0.14727,0.03677,0.17508
2026-01-01 02:20,Cell E,20,4.2,16.8,20.1,0.168,100.2,True,0.16766,0.04192,0.1996
2026-01-01 02:20,Cell F,21,4.5,18.0,21.2,0.18,101.6,True,0.17717,0.04429,0.20669
2026-01-01 02:25,Cell A,13,2.85,11.4,15.2,0.114,93.7,True,0.12166,0.03042,0.13874
2026-01-01 02:25,Cell B,24,5.12,20.5,23.4,0.205,104.6,True,0.19598,0.04895,0.22945
2026-01-01 02:25,Cell C,9,1.99,8.0,12.2,0.08,89.6,True,0.08929,0.02221,0.10045
2026-01-01 02:25,Cell D,24,5.11,20.4,23.4,0.204,104.5,True,0.19522,0.0489,0.22967
2026-01-01 02:25,Cell E,2,0.5,2.0,6.8,0.02,82.4,True,0.02427,0.00607,0.02427
2026-01-01 02:25,Cell F,20,4.27,17.1,20.4,0.171,100.5,True,0.17015,0.04249,0.199
2026-01-01 02:30,Cell A,9,2.02,8.1,12.3,0.081,89.7,True,0.0903,0.02252,0.10033
2026-01-01 02:30,Cell B,10,2.14,8.6,12.7,0.086,90.3,True,0.09524,0.0237,0.11074
2026-01-01 02:30,Cell C,19,4.01,16.1,19.4,0.161,99.3,True,0.16213,0.04038,0.19134
2026-01-01 02:30,Cell D,9,2.02,8.1,12.3,0.081,89.7,True,0.0903,0.02252,0.10033
2026-01-01 02:30,Cell E,2,0.54,2.2,6.9,0.022,82.6,True,0.02663,0.00654,0.02421
2026-01-01 02:30,Cell F,20,4.17,16.7,20.0,0.167,100.0,True,0.167,0.0417,0.2
2026-01-01 02:35,Cell A,25,5.24,21.0,23.9,0.21,105.1,True,0.19981,0.04986,0.23787
2026-01-01 02:35,Cell B,17,3.64,14.6,18.1,0.146,97.5,True,0.14974,0.03733,0.17436
2026-01-01 02:35,Cell C,7,1.63,6.5,10.9,0.065,87.8,True,0.07403,0.01856,0.07973
2026-01-01 02:35,Cell D,10,2.21,8.8,13.0,0.088,90.6,True,0.09713,0.02439,0.11038
2026-01-01 02:35,Cell E,10,2.23,8.9,13.0,0.089,90.7,True,0.09813,0.02459,0.11025
2026-01-01 02:35,Cell F,22,4.67,18.7,21.8,0.187,102.4,True,0.18262,0.04561,0.21484
2026-01-01 02:40,Cell A,22,4.61,18.4,21.6,0.184,102.1,True,0.18022,0.04515,0.21548
2026-01-01 02:40,Cell B,21,4.53,18.1,21.3,0.181,101.8,True,0.1778,0.0445,0.20629
2026-01-01 02:40,Cell C,13,2.81,11.2,15.1,0.112,93.5,True,0.11979,0.03005,0.13904
2026-01-01 02:40,Cell D,10,2.22,8.9,13.0,0.089,90.6,True,0.09823,0.0245,0.11038
2026-01-01 02:40,Cell E,3,0.79,3.2,7.9,0.032,83.8,True,0.03819,0.00943,0.0358
2026-01-01 02:40,Cell F,26,5.55,22.2,25.0,0.222,106.7,True,0.20806,0.05201,0.24367
2026-01-01 02:45,Cell A,24,5.13,20.5,23.5,0.205,104.6,True,0.19598,0.04904,0.22945
2026-01-01 02:45,Cell B,16,3.44,13.7,17.4,0.137,96.5,True,0.14197,0.03565,0.1658
2026-01-01 02:45,Cell C,12,2.67,10.7,14.6,0.107,92.8,True,0.1153,0.02877,0.12931
2026-01-01 02:45,Cell D,7,1.61,6.4,10.8,0.064,87.7,True,0.07298,0.01836,0.07982
2026-01-01 02:45,Cell E,10,2.12,8.5,12.6,0.085,90.2,True,0.09424,0.0235,0.11086
2026-01-01 02:45,Cell F,20,4.36,17.4,20.7,0.174,100.9,True,0.17245,0.04321,0.19822
2026-01-01 02:50,Cell A,8,1.78,7.1,11.4,0.071,88.5,True,0.08023,0.02011,0.0904
2026-01-01 02:50,Cell B,10,2.16,8.6,12.8,0.086,90.4,True,0.09513,0.02389,0.11062
2026-01-01 02:50,Cell C,13,2.72,10.9,14.8,0.109,93.1,True,0.11708,0.02922,0.13963
2026-01-01 02:50,Cell D,3,0.78,3.1,7.8,0.031,83.7,True,0.03704,0.00932,0.03584
2026-01-01 02:50,Cell E,2,0.5,2.0,6.8,0.02,82.4,True,0.02427,0.00607,0.02427
2026-01-01 02:50,Cell F,23,4.84,19.4,22.4,0.194,103.2,True,0.18798,0.0469,0.22287
2026-01-01 02:55,Cell A,21,4.51,18.1,21.2,0.181,101.7,True,0.17797,0.04435,0.20649
2026-01-01 02:55,Cell B,22,4.59,18.3,21.5,0.183,102.0,True,0.17941,0.045,0.21569
2026-01-01 02:55,Cell C,11,2.49,10.0,14.0,0.1,92.0,True,0.1087,0.02707,0.11957
2026-01-01 02:55,Cell D,21,4.38,17.5,20.8,0.175,101.0,True,0.17327,0.04337,0.20792
2026-01-01 02:55,Cell E,15,3.32,13.3,16.9,0.133,95.9,True,0.13869,0.03462,0.15641
2026-01-01 02:55,Cell F,25,5.21,20.8,23.8,0.208,105.0,True,0.1981,0.04962,0.2381
2026-01-01 03:00,Cell A,20,4.25,17.0,20.3,0.17,100.4,True,0.16932,0.04233,0.1992
2026-01-01 03:00,Cell B,15,3.33,13.3,17.0,0.133,96.0,True,0.13854,0.03469,0.15625
2026-01-01 03:00,Cell C,12,2.67,10.7,14.6,0.107,92.8,True,0.1153,0.02877,0.12931
2026-01-01 03:00,Cell D,18,3.76,15.1,18.6,0.151,98.1,True,0.15392,0.03833,0.18349
2026-01-01 03:00,Cell E,6,1.44,5.7,10.2,0.057,86.9,True,0.06559,0.01657,0.06904
2026-01-01 03:00,Cell F,11,2.29,9.2,13.3,0.092,91.0,True,0.1011,0.02516,0.12088
2026-01-01 03:05,Cell A,17,3.61,14.4,18.0,0.144,97.3,True,0.148,0.0371,0.17472
2026-01-01 03:05,Cell B,9,1.93,7.7,11.9,0.077,89.2,True,0.08632,0.02164,0.1009
2026-01-01 03:05,Cell C,16,3.48,13.9,17.5,0.139,96.7,True,0.14374,0.03599,0.16546
2026-01-01 03:05,Cell D,16,3.37,13.5,17.1,0.135,96.2,True,0.14033,0.03503,0.16632
2026-01-01 03:05,Cell E,19,4.05,16.2,19.6,0.162,99.4,True,0.16298,0.04074,0.19115
2026-01-01 03:05,Cell F,3,0.81,3.2,7.9,0.032,83.9,True,0.03814,0.00965,0.03576
2026-01-01 03:10,Cell A,11,2.42,9.7,13.7,0.097,91.6,True,0.1059,0.02642,0.12009
2026-01-01 03:10,Cell B,25,5.23,20.9,23.8,0.209,105.1,True,0.19886,0.04976,0.23787
2026-01-01 03:10,Cell C,12,2.53,10.1,14.1,0.101,92.1,True,0.10966,0.02747,0.13029
2026-01-01 03:10,Cell D,14,2.97,11.9,15.7,0.119,94.2,True,0.12633,0.03153,0.14862
2026-01-01 03:10,Cell E,14,3.02,12.1,15.9,0.121,94.5,True,0.12804,0.03196,0.14815
2026-01-01 03:10,Cell F,7,1.62,6.5,10.8,0.065,87.8,True,0.07403,0.01845,0.07973
2026-01-01 03:15,Cell A,21,4.51,18.1,21.2,0.181,101.7,True,0.17797,0.04435,0.20649
2026-01-01 03:15,Cell B,21,4.38,17.5,20.8,0.175,101.0,True,0.17327,0.04337,0.20792
2026-01-01 03:15,Cell C,19,4.15,16.6,20.0,0.166,99.9,True,0.16617,0.04154,0.19019
2026-01-01 03:15,Cell D,13,2.76,11.0,14.9,0.11,93.2,True,0.11803,0.02961,0.13948
2026-01-01 03:15,Cell E,14,3.05,12.2,16.0,0.122,94.6,True,0.12896,0.03224,0.14799
2026-01-01 03:15,Cell F,18,3.83,15.3,18.8,0.153,98.4,True,0.15549,0.03892,0.18293
2026-01-01 03:20,Cell A,25,5.26,21.0,23.9,0.21,105.2,True,0.19962,0.05,0.23764
2026-01-01 03:20,Cell B,18,3.85,15.4,18.8,0.154,98.5,True,0.15635,0.03909,0.18274
2026-01-01 03:20,Cell C,14,2.96,11.9,15.7,0.119,94.2,True,0.12633,0.03142,0.14862
2026-01-01 03:20,Cell D,11,2.33,9.3,13.4,0.093,91.2,True,0.10197,0.02555,0.12061
2026-01-01 03:20,Cell E,4,0.89,3.5,8.2,0.035,84.3,True,0.04152,0.01056,0.04745
2026-01-01 03:20,Cell F,11,2.31,9.2,13.3,0.092,91.1,True,0.10099,0.02536,0.12075
2026-01-01 03:25,Cell A,17,3.55,14.2,17.8,0.142,97.1,True,0.14624,0.03656,0.17508
2026-01-01 03:25,Cell B,8,1.85,7.4,11.7,0.074,88.9,True,0.08324,0.02081,0.08999
2026-01-01 03:25,Cell C,6,1.45,5.8,10.2,0.058,87.0,True,0.06667,0.01667,0.06897
2026-01-01 03:25,Cell D,18,3.87,15.5,18.9,0.155,98.6,True,0.1572,0.03925,0.18256
2026-01-01 03:25,Cell E,18,3.76,15.1,18.5,0.151,98.1,True,0.15392,0.03833,0.18349
2026-01-01 03:25,Cell F,18,3.83,15.3,18.8,0.153,98.4,True,0.15549,0.03892,0.18293
2026-01-01 03:30,Cell A,22,4.78,19.1,22.2,0.191,102.9,True,0.18562,0.04645,0.2138
2026-01-01 03:30,Cell B,18,3.85,15.4,18.9,0.154,98.5,True,0.15635,0.03909,0.18274
2026-01-01 03:30,Cell C,16,3.46,13.8,17.5,0.138,96.6,True,0.14286,0.03582,0.16563
2026-01-01 03:30,Cell D,28,6.01,24.0,26.6,0.24,108.8,True,0.22059,0.05524,0.25735
2026-01-01 03:30,Cell E,16,3.4,13.6,17.3,0.136,96.3,True,0.14123,0.03531,0.16615
2026-01-01 03:30,Cell F,15,3.17,12.7,16.4,0.127,95.2,True,0.1334,0.0333,0.15756
2026-01-01 03:35,Cell A,18,3.82,15.3,18.7,0.153,98.3,True,0.15565,0.03886,0.18311
2026-01-01 03:35,Cell B,18,3.84,15.4,18.8,0.154,98.4,True,0.1565,0.03902,0.18293
2026-01-01 03:35,Cell C,2,0.5,2.0,6.8,0.02,82.4,True,0.02427,0.00607,0.02427
2026-01-01 03:35,Cell D,23,4.8,19.2,22.3,0.192,103.0,True,0.18641,0.0466,0.2233
2026-01-01 03:35,Cell E,2,0.5,2.0,6.8,0.02,82.4,True,0.02427,0.00607,0.02427
2026-01-01 03:35,Cell F,29,6.16,24.6,27.2,0.246,109.5,True,0.22466,0.05626,0.26484
2026-01-01 03:40,Cell A,21,4.47,17.9,21.1,0.179,101.4,True,0.17653,0.04408,0.2071
2026-01-01 03:40,Cell B,20,4.31,17.2,20.5,0.172,100.7,True,0.1708,0.0428,0.19861
2026-01-01 03:40,Cell C,9,1.95,7.8,12.0,0.078,89.4,True,0.08725,0.02181,0.10067
2026-01-01 03:40,Cell D,18,3.82,15.3,18.8,0.153,98.4,True,0.15549,0.03882,0.18293
2026-01-01 03:40,Cell E,16,3.46,13.8,17.5,0.138,96.6,True,0.14286,0.03582,0.16563
2026-01-01 03:40,Cell F,15,3.16,12.6,16.4,0.126,95.2,True,0.13235,0.03319,0.15756
2026-01-01 03:45,Cell A,22,4.63,18.5,21.7,0.185,102.2,True,0.18102,0.0453,0.21526
2026-01-01 03:45,Cell B,25,5.32,21.3,24.2,0.213,105.5,True,0.2019,0.05043,0.23697
2026-01-01 03:45,Cell C,8,1.75,7.0,11.3,0.07,88.4,True,0.07919,0.0198,0.0905
2026-01-01 03:45,Cell D,12,2.68,10.7,14.7,0.107,92.9,True,0.11518,0.02885,0.12917
2026-01-01 03:45,Cell E,11,2.39,9.6,13.6,0.096,91.5,True,0.10492,0.02612,0.12022
2026-01-01 03:45,Cell F,8,1.77,7.1,11.4,0.071,88.5,True,0.08023,0.02,0.0904
2026-01-01 03:50,Cell A,23,4.88,19.5,22.6,0.195,103.4,True,0.18859,0.0472,0.22244
2026-01-01 03:50,Cell B,21,4.43,17.7,20.9,0.177,101.3,True,0.17473,0.04373,0.20731
2026-01-01 03:50,Cell C,10,2.16,8.6,12.8,0.086,90.4,True,0.09513,0.02389,0.11062
2026-01-01 03:50,Cell D,21,4.48,17.9,21.1,0.179,101.5,True,0.17635,0.04414,0.2069
2026-01-01 03:50,Cell E,10,2.21,8.8,12.9,0.088,90.6,True,0.09713,0.02439,0.11038
2026-01-01 03:50,Cell F,15,3.29,13.1,16.8,0.131,95.8,True,0.13674,0.03434,0.15658
2026-01-01 03:55,Cell A,25,5.27,21.1,24.0,0.211,105.3,True,0.20038,0.05005,0.23742
2026-01-01 03:55,Cell B,18,3.88,15.5,19.0,0.155,98.6,True,0.1572,0.03935,0.18256
2026-01-01 03:55,Cell C,13,2.82,11.3,15.2,0.113,93.6,True,0.12073,0.03013,0.13889
2026-01-01 03:55,Cell D,18,3.88,15.5,19.0,0.155,98.6,True,0.1572,0.03935,0.18256
2026-01-01 03:55,Cell E,2,0.5,2.0,6.8,0.02,82.4,True,0.02427,0.00607,0.02427
2026-01-01 03:55,Cell F,18,3.9,15.6,19.0,0.156,98.7,True,0.15805,0.03951,0.18237
2026-01-01 04:00,Cell A,14,3.09,12.4,16.1,0.124,94.8,True,0.1308,0.03259,0.14768
2026-01-01 04:00,Cell B,19,4.12,16.5,19.8,0.165,99.8,True,0.16533,0.04128,0.19038
2026-01-01 04:00,Cell C,8,1.86,7.4,11.7,0.074,88.9,True,0.08324,0.02092,0.08999
2026-01-01 04:00,Cell D,17,3.72,14.9,18.4,0.149,97.9,True,0.1522,0.038,0.17365
2026-01-01 04:00,Cell E,17,3.75,15.0,18.5,0.15,98.0,True,0.15306,0.03827,0.17347
2026-01-01 04:00,Cell F,11,2.34,9.4,13.4,0.094,91.2,True,0.10307,0.02566,0.12061
2026-01-01 04:05,Cell A,19,4.06,16.2,19.6,0.162,99.5,True,0.16281,0.0408,0.19095
2026-01-01 04:05,Cell B,31,6.6,26.4,28.7,0.264,111.7,True,0.23635,0.05909,0.27753
2026-01-01 04:05,Cell C,21,4.46,17.8,21.1,0.178,101.4,True,0.17554,0.04398,0.2071
2026-01-01 04:05,Cell D,13,2.85,11.4,15.3,0.114,93.7,True,0.12166,0.03042,0.13874
2026-01-01 04:05,Cell E,2,0.5,2.0,6.8,0.02,82.4,True,0.02427,0.00607,0.02427
2026-01-01 04:05,Cell F,14,3.04,12.2,15.9,0.122,94.6,True,0.12896,0.03214,0.14799
2026-01-01 04:10,Cell A,15,3.17,12.7,16.4,0.127,95.2,True,0.1334,0.0333,0.15756
2026-01-01 04:10,Cell B,21,4.46,17.8,21.1,0.178,101.4,True,0.17554,0.04398,0.2071
2026-01-01 04:10,Cell C,13,2.85,11.4,15.3,0.114,93.7,True,0.12166,0.03042,0.13874
2026-01-01 04:10,Cell D,20,4.35,17.4,20.6,0.174,100.9,True,0.17245,0.04311,0.19822
2026-01-01 04:10,Cell E,9,2.0,8.0,12.2,0.08,89.6,True,0.08929,0.02232,0.10045
2026-01-01 04:10,Cell F,6,1.4,5.6,10.1,0.056,86.7,True,0.06459,0.01615,0.0692
2026-01-01 04:15,Cell A,23,4.84,19.4,22.4,0.194,103.2,True,0.18798,0.0469,0.22287
2026-01-01 04:15,Cell B,14,2.92,11.7,15.5,0.117,94.0,True,0.12447,0.03106,0.14894
2026-01-01 04:15,Cell C,10,2.11,8.4,12.6,0.084,90.1,True,0.09323,0.02342,0.11099
2026-01-01 04:15,Cell D,13,2.87,11.5,15.3,0.115,93.8,True,0.1226,0.0306,0.13859
2026-01-01 04:15,Cell E,9,2.0,8.0,12.2,0.08,89.6,True,0.08929,0.02232,0.10045
2026-01-01 04:15,Cell F,15,3.24,13.0,16.7,0.13,95.6,True,0.13598,0.03389,0.1569
2026-01-01 04:20,Cell A,26,5.51,22.1,24.8,0.221,106.5,True,0.20751,0.05174,0.24413
2026-01-01 04:20,Cell B,25,5.24,20.9,23.9,0.209,105.1,True,0.19886,0.04986,0.23787
2026-01-01 04:20,Cell C,4,0.87,3.5,8.1,0.035,84.2,True,0.04157,0.01033,0.04751
2026-01-01 04:20,Cell D,15,3.17,12.7,16.4,0.127,95.2,True,0.1334,0.0333,0.15756
2026-01-01 04:20,Cell E,9,1.88,7.5,11.8,0.075,89.0,True,0.08427,0.02112,0.10112
2026-01-01 04:20,Cell F,28,5.95,23.8,26.4,0.238,108.6,True,0.21915,0.05479,0.25783
2026-01-01 04:25,Cell A,13,2.76,11.0,14.9,0.11,93.2,True,0.11803,0.02961,0.13948
2026-01-01 04:25,Cell B,15,3.25,13.0,16.7,0.13,95.6,True,0.13598,0.034,0.1569
2026-01-01 04:25,Cell C,4,0.93,3.7,8.3,0.037,84.5,True,0.04379,0.01101,0.04734
2026-01-01 04:25,Cell D,24,5.14,20.5,23.5,0.205,104.7,True,0.1958,0.04909,0.22923
2026-01-01 04:25,Cell E,2,0.51,2.1,6.9,0.021,82.5,True,0.02545,0.00618,0.02424
2026-01-01 04:25,Cell F,10,2.1,8.4,12.6,0.084,90.1,True,0.09323,0.02331,0.11099
2026-01-01 04:30,Cell A,18,3.79,15.2,18.6,0.152,98.2,True,0.15479,0.03859,0.1833
2026-01-01 04:30,Cell B,23,4.98,19.9,22.9,0.199,103.9,True,0.19153,0.04793,0.22137
2026-01-01 04:30,Cell C,8,1.7,6.8,11.1,0.068,88.1,True,0.07719,0.0193,0.09081
2026-01-01 04:30,Cell D,23,4.85,19.4,22.4,0.194,103.3,True,0.1878,0.04695,0.22265
2026-01-01 04:30,Cell E,9,1.88,7.5,11.8,0.075,89.0,True,0.08427,0.02112,0.10112
2026-01-01 04:30,Cell F,18,3.84,15.3,18.8,0.153,98.4,True,0.15549,0.03902,0.18293
2026-01-01 04:35,Cell A,24,5.21,20.8,23.7,0.208,105.0,True,0.1981,0.04962,0.22857
2026-01-01 04:35,Cell B,16,3.45,13.8,17.4,0.138,96.5,True,0.14301,0.03575,0.1658
2026-01-01 04:35,Cell C,19,4.13,16.5,19.9,0.165,99.8,True,0.16533,0.04138,0.19038
2026-01-01 04:35,Cell D,16,3.38,13.5,17.2,0.135,96.2,True,0.14033,0.03514,0.16632
2026-01-01 04:35,Cell E,4,0.97,3.9,8.5,0.039,84.6,True,0.0461,0.01147,0.04728
2026-01-01 04:35,Cell F,5,1.25,5.0,9.5,0.05,86.0,True,0.05814,0.01453,0.05814
2026-01-01 04:40,Cell A,24,5.13,20.5,23.5,0.205,104.6,True,0.19598,0.04904,0.22945
2026-01-01 04:40,Cell B,11,2.49,9.9,14.0,0.099,91.9,True,0.10773,0.02709,0.1197
2026-01-01 04:40,Cell C,6,1.3,5.2,9.7,0.052,86.2,True,0.06032,0.01508,0.06961
2026-01-01 04:40,Cell D,9,1.91,7.6,11.9,0.076,89.1,True,0.0853,0.02144,0.10101
2026-01-01 04:40,Cell E,23,4.93,19.7,22.7,0.197,103.6,True,0.19015,0.04759,0.22201
2026-01-01 04:40,Cell F,20,4.17,16.7,20.0,0.167,100.0,True,0.167,0.0417,0.2
2026-01-01 04:45,Cell A,18,3.77,15.1,18.6,0.151,98.1,True,0.15392,0.03843,0.18349
2026-01-01 04:45,Cell B,16,3.43,13.7,17.4,0.137,96.5,True,0.14197,0.03554,0.1658
2026-01-01 04:45,Cell C,2,0.5,2.0,6.8,0.02,82.4,True,0.02427,0.00607,0.02427
2026-01-01 04:45,Cell D,10,2.28,9.1,13.2,0.091,90.9,True,0.10011,0.02508,0.11001
2026-01-01 04:45,Cell E,12,2.57,10.3,14.2,0.103,92.3,True,0.11159,0.02784,0.13001
2026-01-01 04:45,Cell F,16,3.52,14.1,17.7,0.141,96.9,True,0.14551,0.03633,0.16512
2026-01-01 04:50,Cell A,24,5.18,20.7,23.7,0.207,104.9,True,0.19733,0.04938,0.22879
2026-01-01 04:50,Cell B,5,1.15,4.6,9.1,0.046,85.5,True,0.0538,0.01345,0.05848
2026-01-01 04:50,Cell C,6,1.43,5.7,10.1,0.057,86.8,True,0.06567,0.01647,0.06912
2026-01-01 04:50,Cell D,9,2.04,8.2,12.4,0.082,89.8,True,0.09131,0.02272,0.10022
2026-01-01 04:50,Cell E,3,0.66,2.6,7.4,0.026,83.2,True,0.03125,0.00793,0.03606
2026-01-01 04:50,Cell F,13,2.86,11.4,15.3,0.114,93.7,True,0.12166,0.03052,0.13874
2026-01-01 04:55,Cell A,19,4.07,16.3,19.7,0.163,99.6,True,0.16365,0.04086,0.19076
2026-01-01 04:55,Cell B,14,3.1,12.4,16.2,0.124,94.9,True,0.13066,0.03267,0.14752
2026-01-01 04:55,Cell C,11,2.4,9.6,13.7,0.096,91.5,True,0.10492,0.02623,0.12022
2026-01-01 04:55,Cell D,15,3.16,12.6,16.4,0.126,95.2,True,0.13235,0.03319,0.15756
2026-01-01 04:55,Cell E,5,1.22,4.9,9.4,0.049,85.8,True,0.05711,0.01422,0.05828
2026-01-01 04:55,Cell F,11,2.43,9.7,13.7,0.097,91.7,True,0.10578,0.0265,0.11996
2026-01-01 05:00,Cell A,20,4.32,17.3,20.5,0.173,100.7,True,0.1718,0.0429,0.19861
2026-01-01 05:00,Cell B,11,2.46,9.8,13.8,0.098,91.8,True,0.10675,0.0268,0.11983
2026-01-01 05:00,Cell C,7,1.49,6.0,10.4,0.06,87.2,True,0.06881,0.01709,0.08028
2026-01-01 05:00,Cell D,17,3.56,14.3,17.8,0.143,97.1,True,0.14727,0.03666,0.17508
2026-01-01 05:00,Cell E,10,2.23,8.9,13.0,0.089,90.7,True,0.09813,0.02459,0.11025
2026-01-01 05:00,Cell F,15,3.2,12.8,16.5,0.128,95.4,True,0.13417,0.03354,0.15723
2026-01-01 05:05,Cell A,25,5.22,20.9,23.8,0.209,105.1,True,0.19886,0.04967,0.23787
2026-01-01 05:05,Cell B,18,3.85,15.4,18.8,0.154,98.5,True,0.15635,0.03909,0.18274
2026-01-01 05:05,Cell C,8,1.78,7.1,11.4,0.071,88.5,True,0.08023,0.02011,0.0904
2026-01-01 05:05,Cell D,23,5.0,20.0,23.0,0.2,104.0,True,0.19231,0.04808,0.22115
2026-01-01 05:05,Cell E,3,0.82,3.3,7.9,0.033,83.9,True,0.03933,0.00977,0.03576
2026-01-01 05:05,Cell F,2,0.5,2.0,6.8,0.02,82.4,True,0.02427,0.00607,0.02427
2026-01-01 05:10,Cell A,19,4.15,16.6,19.9,0.166,99.9,True,0.16617,0.04154,0.19019
2026-01-01 05:10,Cell B,15,3.14,12.6,16.3,0.126,95.1,True,0.13249,0.03302,0.15773
2026-01-01 05:10,Cell C,2,0.5,2.0,6.8,0.02,82.4,True,0.02427,0.00607,0.02427
2026-01-01 05:10,Cell D,6,1.42,5.7,10.1,0.057,86.8,True,0.06567,0.01636,0.06912
2026-01-01 05:10,Cell E,8,1.78,7.1,11.4,0.071,88.5,True,0.08023,0.02011,0.0904
2026-01-01 05:10,Cell F,22,4.78,19.1,22.2,0.191,102.9,True,0.18562,0.04645,0.2138
2026-01-01 05:15,Cell A,18,3.79,15.2,18.6,0.152,98.2,True,0.15479,0.03859,0.1833
2026-01-01 05:15,Cell B,21,4.44,17.8,21.0,0.178,101.3,True,0.17572,0.04383,0.20731
2026-01-01 05:15,Cell C,13,2.85,11.4,15.3,0.114,93.7,True,0.12166,0.03042,0.13874
2026-01-01 05:15,Cell D,16,3.41,13.6,17.3,0.136,96.4,True,0.14108,0.03537,0.16598
2026-01-01 05:15,Cell E,8,1.8,7.2,11.5,0.072,88.7,True,0.08117,0.02029,0.09019
2026-01-01 05:15,Cell F,17,3.55,14.2,17.8,0.142,97.1,True,0.14624,0.03656,0.17508
2026-01-01 05:20,Cell A,21,4.52,18.1,21.3,0.181,101.7,True,0.17797,0.04444,0.20649
2026-01-01 05:20,Cell B,23,4.8,19.2,22.3,0.192,103.0,True,0.18641,0.0466,0.2233
2026-01-01 05:20,Cell C,6,1.42,5.7,10.1,0.057,86.8,True,0.06567,0.01636,0.06912
2026-01-01 05:20,Cell D,12,2.5,10.0,14.0,0.1,92.0,True,0.1087,0.02717,0.13043
2026-01-01 05:20,Cell E,6,1.43,5.7,10.2,0.057,86.9,True,0.06559,0.01646,0.06904
2026-01-01 05:20,Cell F,13,2.85,11.4,15.3,0.114,93.7,True,0.12166,0.03042,0.13874
2026-01-01 05:25,Cell A,14,3.12,12.5,16.2,0.125,95.0,True,0.13158,0.03284,0.14737
2026-01-01 05:25,Cell B,21,4.41,17.6,20.9,0.176,101.2,True,0.17391,0.04358,0.20751
2026-01-01 05:25,Cell C,11,2.32,9.3,13.4,0.093,91.1,True,0.10209,0.02547,0.12075
2026-01-01 05:25,Cell D,19,4.09,16.4,19.7,0.164,99.7,True,0.16449,0.04102,0.19057
2026-01-01 05:25,Cell E,8,1.77,7.1,11.4,0.071,88.5,True,0.08023,0.02,0.0904
2026-01-01 05:25,Cell F,17,3.68,14.7,18.2,0.147,97.7,True,0.15046,0.03767,0.174
2026-01-01 05:30,Cell A,15,3.31,13.2,16.9,0.132,95.9,True,0.13764,0.03452,0.15641
2026-01-01 05:30,Cell B,30,6.37,25.5,27.9,0.255,110.6,True,0.23056,0.05759,0.27125
2026-01-01 05:30,Cell C,13,2.73,10.9,14.8,0.109,93.1,True,0.11708,0.02932,0.13963
2026-01-01 05:30,Cell D,14,2.96,11.9,15.7,0.119,94.2,True,0.12633,0.03142,0.14862
2026-01-01 05:30,Cell E,13,2.86,11.4,15.3,0.114,93.7,True,0.12166,0.03052,0.13874
2026-01-01 05:30,Cell F,20,4.34,17.4,20.6,0.174,100.8,True,0.17262,0.04306,0.19841
2026-01-01 05:35,Cell A,12,2.63,10.5,14.5,0.105,92.6,True,0.11339,0.0284,0.12959
2026-01-01 05:35,Cell B,20,4.33,17.3,20.6,0.173,100.8,True,0.17163,0.04296,0.19841
2026-01-01 05:35,Cell C,14,2.95,11.8,15.6,0.118,94.2,True,0.12527,0.03132,0.14862
2026-01-01 05:35,Cell D,29,6.16,24.6,27.2,0.246,109.6,True,0.22445,0.0562,0.2646
2026-01-01 05:35,Cell E,2,0.5,2.0,6.8,0.02,82.4,True,0.02427,0.00607,0.02427
2026-01-01 05:35,Cell F,15,3.15,12.6,16.4,0.126,95.1,True,0.13249,0.03312,0.15773
2026-01-01 05:40,Cell A,12,2.66,10.7,14.6,0.107,92.8,True,0.1153,0.02866,0.12931
2026-01-01 05:40,Cell B,24,5.13,20.5,23.5,0.205,104.6,True,0.19598,0.04904,0.22945
2026-01-01 05:40,Cell C,6,1.34,5.4,9.8,0.054,86.5,True,0.06243,0.01549,0.06936
2026-01-01 05:40,Cell D,15,3.3,13.2,16.9,0.132,95.9,True,0.13764,0.03441,0.15641
2026-01-01 05:40,Cell E,9,1.97,7.9,12.1,0.079,89.5,True,0.08827,0.02201,0.10056
2026-01-01 05:40,Cell F,11,2.39,9.6,13.6,0.096,91.5,True,0.10492,0.02612,0.12022
2026-01-01 05:45,Cell A,27,5.79,23.2,25.9,0.232,107.8,True,0.21521,0.05371,0.25046
2026-01-01 05:45,Cell B,6,1.31,5.2,9.7,0.052,86.3,True,0.06025,0.01518,0.06952
2026-01-01 05:45,Cell C,14,3.11,12.5,16.2,0.125,95.0,True,0.13158,0.03274,0.14737
2026-01-01 05:45,Cell D,18,3.89,15.6,19.0,0.156,98.7,True,0.15805,0.03941,0.18237
2026-01-01 05:45,Cell E,2,0.5,2.0,6.8,0.02,82.4,True,0.02427,0.00607,0.02427
2026-01-01 05:45,Cell F,12,2.7,10.8,14.7,0.108,93.0,True,0.11613,0.02903,0.12903
2026-01-01 05:50,Cell A,18,3.94,15.8,19.2,0.158,98.9,True,0.15976,0.03984,0.182
2026-01-01 05:50,Cell B,14,3.0,12.0,15.8,0.12,94.4,True,0.12712,0.03178,0.14831
2026-01-01 05:50,Cell C,2,0.5,2.0,6.8,0.02,82.4,True,0.02427,0.00607,0.02427
2026-01-01 05:50,Cell D,24,5.08,20.3,23.3,0.203,104.4,True,0.19444,0.04866,0.22989
2026-01-01 05:50,Cell E,12,2.55,10.2,14.2,0.102,92.2,True,0.11063,0.02766,0.13015
2026-01-01 05:50,Cell F,16,3.43,13.7,17.4,0.137,96.5,True,0.14197,0.03554,0.1658
2026-01-01 05:55,Cell A,10,2.23,8.9,13.0,0.089,90.7,True,0.09813,0.02459,0.11025
2026-01-01 05:55,Cell B,20,4.26,17.0,20.3,0.17,100.4,True,0.16932,0.04243,0.1992
2026-01-01 05:55,Cell C,20,4.33,17.3,20.6,0.173,100.8,True,0.17163,0.04296,0.19841
2026-01-01 05:55,Cell D,19,4.11,16.4,19.8,0.164,99.7,True,0.16449,0.04122,0.19057
2026-01-01 05:55,Cell E,13,2.83,11.3,15.2,0.113,93.6,True,0.12073,0.03024,0.13889
2026-01-01 05:55,Cell F,12,2.7,10.8,14.7,0.108,92.9,True,0.11625,0.02906,0.12917
2026-01-01 06:00,Cell A,70,14.63,58.5,57.7,0.585,150.2,True,0.38948,0.0974,0.46605
2026-01-01 06:00,Cell B,63,13.19,52.8,52.5,0.528,143.3,True,0.36846,0.09204,0.43964
2026-01-01 06:00,Cell C,36,7.69,30.8,32.7,0.308,116.9,True,0.26347,0.06578,0.30796
2026-01-01 06:00,Cell D,56,11.83,47.3,47.6,0.473,136.8,True,0.34576,0.08648,0.40936
2026-01-01 06:00,Cell E,34,7.13,28.5,30.7,0.285,114.2,True,0.24956,0.06243,0.29772
2026-01-01 06:00,Cell F,55,11.64,46.6,46.9,0.466,135.9,True,0.3429,0.08565,0.40471
2026-01-01 06:05,Cell A,78,16.34,65.4,63.8,0.654,158.4,True,0.41288,0.10316,0.49242
2026-01-01 06:05,Cell B,60,12.68,50.7,50.6,0.507,140.9,True,0.35983,0.08999,0.42583
2026-01-01 06:05,Cell C,39,8.28,33.1,34.8,0.331,119.8,True,0.27629,0.06912,0.32554
2026-01-01 06:05,Cell D,64,13.53,54.1,53.7,0.541,144.9,True,0.37336,0.09337,0.44168
2026-01-01 06:05,Cell E,41,8.62,34.5,36.0,0.345,121.4,True,0.28418,0.071,0.33773
2026-01-01 06:05,Cell F,44,9.3,37.2,38.5,0.372,124.7,True,0.29832,0.07458,0.35285
2026-01-01 06:10,Cell A,75,15.76,63.1,61.8,0.631,155.7,True,0.40527,0.10122,0.4817
2026-01-01 06:10,Cell B,69,14.52,58.1,57.3,0.581,149.7,True,0.38811,0.09699,0.46092
2026-01-01 06:10,Cell C,33,7.05,28.2,30.4,0.282,113.8,True,0.2478,0.06195,0.28998
2026-01-01 06:10,Cell D,58,12.28,49.1,49.2,0.491,139.0,True,0.35324,0.08835,0.41727
2026-01-01 06:10,Cell E,41,8.68,34.7,36.3,0.347,121.7,True,0.28513,0.07132,0.33689
2026-01-01 06:10,Cell F,46,9.61,38.5,39.6,0.385,126.1,True,0.30531,0.07621,0.36479
2026-01-01 06:15,Cell A,69,14.45,57.8,57.0,0.578,149.3,True,0.38714,0.09678,0.46216
2026-01-01 06:15,Cell B,62,13.03,52.1,51.9,0.521,142.5,True,0.36561,0.09144,0.43509
2026-01-01 06:15,Cell C,40,8.34,33.4,35.0,0.334,120.0,True,0.27833,0.0695,0.33333
2026-01-01 06:15,Cell D,63,13.22,52.9,52.6,0.529,143.5,True,0.36864,0.09213,0.43902
2026-01-01 06:15,Cell E,33,6.97,27.9,30.1,0.279,113.4,True,0.24603,0.06146,0.29101
2026-01-01 06:15,Cell F,54,11.4,45.6,46.0,0.456,134.7,True,0.33853,0.08463,0.40089
2026-01-01 06:20,Cell A,57,12.08,48.3,48.5,0.483,138.0,True,0.35,0.08754,0.41304
2026-01-01 06:20,Cell B,58,12.25,49.0,49.1,0.49,138.8,True,0.35303,0.08826,0.41787
2026-01-01 06:20,Cell C,38,7.99,32.0,33.8,0.32,118.3,True,0.2705,0.06754,0.32122
2026-01-01 06:20,Cell D,63,13.27,53.1,52.8,0.531,143.7,True,0.36952,0.09235,0.43841
2026-01-01 06:20,Cell E,27,5.68,22.7,25.4,0.227,107.3,True,0.21156,0.05294,0.25163
2026-01-01 06:20,Cell F,48,10.09,40.4,41.3,0.404,128.4,True,0.31464,0.07858,0.37383
2026-01-01 06:25,Cell A,79,16.51,66.0,64.4,0.66,159.2,True,0.41457,0.10371,0.49623
2026-01-01 06:25,Cell B,57,12.08,48.3,48.5,0.483,138.0,True,0.35,0.08754,0.41304
2026-01-01 06:25,Cell C,32,6.82,27.3,29.6,0.273,112.7,True,0.24224,0.06051,0.28394
2026-01-01 06:25,Cell D,64,13.46,53.8,53.5,0.538,144.6,True,0.37206,0.09308,0.4426
2026-01-01 06:25,Cell E,35,7.35,29.4,31.5,0.294,115.3,True,0.25499,0.06375,0.30356
2026-01-01 06:25,Cell F,59,12.49,50.0,50.0,0.5,140.0,True,0.35714,0.08921,0.42143
2026-01-01 06:30,Cell A,73,15.37,61.5,60.3,0.615,153.8,True,0.39987,0.09993,0.47464
2026-01-01 06:30,Cell B,61,12.84,51.4,51.2,0.514,141.7,True,0.36274,0.09061,0.43049
2026-01-01 06:30,Cell C,36,7.66,30.6,32.6,0.306,116.8,True,0.26199,0.06558,0.30822
2026-01-01 06:30,Cell D,57,12.05,48.2,48.4,0.482,137.8,True,0.34978,0.08745,0.41364
2026-01-01 06:30,Cell E,41,8.65,34.6,36.1,0.346,121.5,True,0.28477,0.07119,0.33745
2026-01-01 06:30,Cell F,59,12.32,49.3,49.3,0.493,139.1,True,0.35442,0.08857,0.42416
2026-01-01 06:35,Cell A,75,15.72,62.9,61.6,0.629,155.4,True,0.40476,0.10116,0.48263
2026-01-01 06:35,Cell B,68,14.29,57.2,56.4,0.572,148.6,True,0.38493,0.09616,0.4576
2026-01-01 06:35,Cell C,45,9.54,38.1,39.3,0.381,125.8,True,0.30286,0.07583,0.35771
2026-01-01 06:35,Cell D,67,14.12,56.5,55.8,0.565,147.8,True,0.38227,0.09553,0.45332
2026-01-01 06:35,Cell E,41,8.63,34.5,36.1,0.345,121.4,True,0.28418,0.07109,0.33773
2026-01-01 06:35,Cell F,39,8.14,32.5,34.3,0.325,119.1,True,0.27288,0.06835,0.32746
2026-01-01 06:40,Cell A,73,15.33,61.3,60.2,0.613,153.6,True,0.39909,0.0998,0.47526
2026-01-01 06:40,Cell B,73,15.41,61.6,60.5,0.616,154.0,True,0.4,0.10006,0.47403
2026-01-01 06:40,Cell C,42,8.78,35.1,36.6,0.351,122.2,True,0.28723,0.07185,0.3437
2026-01-01 06:40,Cell D,60,12.66,50.6,50.6,0.506,140.8,True,0.35938,0.08991,0.42614
2026-01-01 06:40,Cell E,30,6.37,25.5,27.9,0.255,110.6,True,0.23056,0.05759,0.27125
2026-01-01 06:40,Cell F,62,13.06,52.3,52.0,0.523,142.7,True,0.3665,0.09152,0.43448
2026-01-01 06:45,Cell A,73,15.35,61.4,60.3,0.614,153.7,True,0.39948,0.09987,0.47495
2026-01-01 06:45,Cell B,60,12.58,50.3,50.3,0.503,140.4,True,0.35826,0.0896,0.42735
2026-01-01 06:45,Cell C,38,8.08,32.3,34.1,0.323,118.8,True,0.27189,0.06801,0.31987
2026-01-01 06:45,Cell D,58,12.22,48.9,49.0,0.489,138.6,True,0.35281,0.08817,0.41847
2026-01-01 06:45,Cell E,33,6.93,27.7,29.9,0.277,113.2,True,0.2447,0.06122,0.29152
2026-01-01 06:45,Cell F,55,11.53,46.1,46.5,0.461,135.4,True,0.34047,0.08516,0.4062
2026-01-01 06:50,Cell A,73,15.24,61.0,59.9,0.61,153.2,True,0.39817,0.09948,0.4765
2026-01-01 06:50,Cell B,66,13.92,55.7,55.1,0.557,146.8,True,0.37943,0.09482,0.44959
2026-01-01 06:50,Cell C,46,9.66,38.7,39.8,0.387,126.4,True,0.30617,0.07642,0.36392
2026-01-01 06:50,Cell D,65,13.59,54.3,53.9,0.543,145.2,True,0.37397,0.0936,0.44766
2026-01-01 06:50,Cell E,36,7.64,30.6,32.5,0.306,116.7,True,0.26221,0.06547,0.30848
2026-01-01 06:50,Cell F,57,11.93,47.7,47.9,0.477,137.3,True,0.34741,0.08689,0.41515
2026-01-01 06:55,Cell A,81,16.95,67.8,66.0,0.678,161.3,True,0.42033,0.10508,0.50217
2026-01-01 06:55,Cell B,60,12.7,50.8,50.7,0.508,141.0,True,0.36028,0.09007,0.42553
2026-01-01 06:55,Cell C,38,8.05,32.2,34.0,0.322,118.6,True,0.2715,0.06788,0.3204
2026-01-01 06:55,Cell D,68,14.2,56.8,56.1,0.568,148.2,True,0.38327,0.09582,0.45884
2026-01-01 06:55,Cell E,35,7.41,29.6,31.7,0.296,115.6,True,0.25606,0.0641,0.30277
2026-01-01 06:55,Cell F,54,11.35,45.4,45.9,0.454,134.5,True,0.33755,0.08439,0.40149
2026-01-01 07:00,Cell A,68,14.22,56.9,56.2,0.569,148.2,True,0.38394,0.09595,0.45884
2026-01-01 07:00,Cell B,71,14.96,59.9,58.9,0.599,151.8,True,0.3946,0.09855,0.46772
2026-01-01 07:00,Cell C,46,9.67,38.7,39.8,0.387,126.4,True,0.30617,0.0765,0.36392
2026-01-01 07:00,Cell D,60,12.5,50.0,50.0,0.5,140.0,True,0.35714,0.08929,0.42857
2026-01-01 07:00,Cell E,32,6.72,26.9,29.2,0.269,112.2,True,0.23975,0.05989,0.2852
2026-01-01 07:00,Cell F,58,12.16,48.6,48.8,0.486,138.3,True,0.35141,0.08792,0.41938
2026-01-01 07:05,Cell A,73,15.28,61.1,60.0,0.611,153.3,True,0.39856,0.09967,0.47619
2026-01-01 07:05,Cell B,72,15.03,60.1,59.1,0.601,152.1,True,0.39513,0.09882,0.47337
2026-01-01 07:05,Cell C,46,9.78,39.1,40.2,0.391,126.9,True,0.30812,0.07707,0.36249
2026-01-01 07:05,Cell D,53,11.24,45.0,45.5,0.45,133.9,True,0.33607,0.08394,0.39582
2026-01-01 07:05,Cell E,29,6.15,24.6,27.1,0.246,109.5,True,0.22466,0.05616,0.26484
2026-01-01 07:05,Cell F,49,10.29,41.2,42.1,0.412,129.4,True,0.31839,0.07952,0.37867
2026-01-01 07:10,Cell A,75,15.72,62.9,61.6,0.629,155.4,True,0.40476,0.10116,0.48263
2026-01-01 07:10,Cell B,62,13.0,52.0,51.8,0.52,142.4,True,0.36517,0.09129,0.43539
2026-01-01 07:10,Cell C,38,8.11,32.4,34.2,0.324,118.9,True,0.2725,0.06821,0.3196
2026-01-01 07:10,Cell D,60,12.54,50.2,50.1,0.502,140.2,True,0.35806,0.08944,0.42796
2026-01-01 07:10,Cell E,28,5.99,24.0,26.6,0.24,108.8,True,0.22059,0.05506,0.25735
2026-01-01 07:10,Cell F,53,11.17,44.7,45.2,0.447,133.6,True,0.33458,0.08361,0.39671
2026-01-01 07:15,Cell A,69,14.42,57.7,56.9,0.577,149.2,True,0.38673,0.09665,0.46247
2026-01-01 07:15,Cell B,64,13.54,54.2,53.7,0.542,145.0,True,0.37379,0.09338,0.44138
2026-01-01 07:15,Cell C,47,9.89,39.6,40.6,0.396,127.5,True,0.31059,0.07757,0.36863
2026-01-01 07:15,Cell D,53,11.19,44.8,45.3,0.448,133.7,True,0.33508,0.08369,0.39641
2026-01-01 07:15,Cell E,33,7.03,28.1,30.3,0.281,113.8,True,0.24692,0.06178,0.28998
2026-01-01 07:15,Cell F,45,9.4,37.6,38.8,0.376,125.1,True,0.30056,0.07514,0.35971
2026-01-01 07:20,Cell A,76,15.96,63.8,62.5,0.638,156.6,True,0.40741,0.10192,0.48531
2026-01-01 07:20,Cell B,72,15.19,60.8,59.7,0.608,152.9,True,0.39765,0.09935,0.4709
2026-01-01 07:20,Cell C,39,8.23,32.9,34.6,0.329,119.5,True,0.27531,0.06887,0.32636
2026-01-01 07:20,Cell D,47,9.89,39.6,40.6,0.396,127.5,True,0.31059,0.07757,0.36863
2026-01-01 07:20,Cell E,28,5.89,23.6,26.2,0.236,108.3,True,0.21791,0.05439,0.25854
2026-01-01 07:20,Cell F,59,12.37,49.5,49.5,0.495,139.4,True,0.35509,0.08874,0.42324
2026-01-01 07:25,Cell A,62,13.1,52.4,52.1,0.524,142.9,True,0.36669,0.09167,0.43387
2026-01-01 07:25,Cell B,68,14.36,57.5,56.7,0.575,148.9,True,0.38617,0.09644,0.45668
2026-01-01 07:25,Cell C,31,6.47,25.9,28.3,0.259,111.0,True,0.23333,0.05829,0.27928
2026-01-01 07:25,Cell D,52,10.98,43.9,44.5,0.439,132.7,True,0.33082,0.08274,0.39186
2026-01-01 07:25,Cell E,33,6.94,27.8,30.0,0.278,113.3,True,0.24537,0.06125,0.29126
2026-01-01 07:25,Cell F,51,10.77,43.1,43.8,0.431,131.7,True,0.32726,0.08178,0.38724
2026-01-01 07:30,Cell A,71,14.89,59.6,58.6,0.596,151.5,True,0.3934,0.09828,0.46865
2026-01-01 07:30,Cell B,66,13.9,55.6,55.0,0.556,146.7,True,0.379,0.09475,0.4499
2026-01-01 07:30,Cell C,41,8.75,35.0,36.5,0.35,122.0,True,0.28689,0.07172,0.33607
2026-01-01 07:30,Cell D,66,13.86,55.4,54.9,0.554,146.5,True,0.37816,0.09461,0.45051
2026-01-01 07:30,Cell E,22,4.71,18.8,21.9,0.188,102.6,True,0.18324,0.04591,0.21442
2026-01-01 07:30,Cell F,63,13.29,53.2,52.8,0.532,143.8,True,0.36996,0.09242,0.43811
2026-01-01 07:35,Cell A,69,14.55,58.2,57.4,0.582,149.8,True,0.38852,0.09713,0.46061
2026-01-01 07:35,Cell B,71,14.89,59.5,58.6,0.595,151.5,True,0.39274,0.09828,0.46865
2026-01-01 07:35,Cell C,40,8.48,33.9,35.5,0.339,120.7,True,0.28086,0.07026,0.3314
2026-01-01 07:35,Cell D,56,11.83,47.3,47.6,0.473,136.8,True,0.34576,0.08648,0.40936
2026-01-01 07:35,Cell E,25,5.29,21.2,24.0,0.212,105.4,True,0.20114,0.05019,0.23719
2026-01-01 07:35,Cell F,58,12.25,49.0,49.1,0.49,138.8,True,0.35303,0.08826,0.41787
2026-01-01 07:40,Cell A,79,16.63,66.5,64.9,0.665,159.8,True,0.41615,0.10407,0.49437
2026-01-01 07:40,Cell B,61,12.77,51.1,51.0,0.511,141.3,True,0.36164,0.09038,0.43171
2026-01-01 07:40,Cell C,49,10.41,41.7,42.5,0.417,130.0,True,0.32077,0.08008,0.37692
2026-01-01 07:40,Cell D,51,10.75,43.0,43.7,0.43,131.6,True,0.32675,0.08169,0.38754
2026-01-01 07:40,Cell E,40,8.48,33.9,35.5,0.339,120.7,True,0.28086,0.07026,0.3314
2026-01-01 07:40,Cell F,49,10.32,41.3,42.1,0.413,129.5,True,0.31892,0.07969,0.37838
2026-01-01 07:45,Cell A,78,16.26,65.0,63.5,0.65,158.0,True,0.41139,0.10291,0.49367
2026-01-01 07:45,Cell B,65,13.56,54.2,53.8,0.542,145.1,True,0.37354,0.09345,0.44797
2026-01-01 07:45,Cell C,40,8.52,34.1,35.7,0.341,120.9,True,0.28205,0.07047,0.33085
2026-01-01 07:45,Cell D,57,11.93,47.7,48.0,0.477,137.3,True,0.34741,0.08689,0.41515
2026-01-01 07:45,Cell E,38,8.01,32.1,33.8,0.321,118.5,True,0.27089,0.06759,0.32068
2026-01-01 07:45,Cell F,42,8.84,35.4,36.8,0.354,122.4,True,0.28922,0.07222,0.34314
2026-01-01 07:50,Cell A,71,14.95,59.8,58.8,0.598,151.8,True,0.39394,0.09848,0.46772
2026-01-01 07:50,Cell B,66,13.88,55.5,55.0,0.555,146.6,True,0.37858,0.09468,0.4502
2026-01-01 07:50,Cell C,35,7.32,29.3,31.4,0.293,115.1,True,0.25456,0.0636,0.30408
2026-01-01 07:50,Cell D,48,10.04,40.1,41.1,0.401,128.2,True,0.31279,0.07832,0.37441
2026-01-01 07:50,Cell E,34,7.15,28.6,30.7,0.286,114.3,True,0.25022,0.06255,0.29746
2026-01-01 07:50,Cell F,44,9.19,36.7,38.1,0.367,124.1,True,0.29573,0.07405,0.35455
2026-01-01 07:55,Cell A,71,14.81,59.2,58.3,0.592,151.1,True,0.39179,0.09801,0.46989
2026-01-01 07:55,Cell B,61,12.86,51.4,51.3,0.514,141.7,True,0.36274,0.09076,0.43049
2026-01-01 07:55,Cell C,47,9.84,39.4,40.4,0.394,127.2,True,0.30975,0.07736,0.3695
2026-01-01 07:55,Cell D,49,10.32,41.3,42.2,0.413,129.6,True,0.31867,0.07963,0.37809
2026-01-01 07:55,Cell E,25,5.33,21.3,24.2,0.213,105.6,True,0.2017,0.05047,0.23674
2026-01-01 07:55,Cell F,45,9.55,38.2,39.4,0.382,125.9,True,0.30342,0.07585,0.35743
2026-01-01 08:00,Cell A,75,15.78,63.1,61.8,0.631,155.7,True,0.40527,0.10135,0.4817
2026-01-01 08:00,Cell B,71,14.83,59.3,58.4,0.593,151.2,True,0.3922,0.09808,0.46958
2026-01-01 08:00,Cell C,35,7.46,29.8,31.9,0.298,115.8,True,0.25734,0.06442,0.30225
2026-01-01 08:00,Cell D,55,11.58,46.3,46.7,0.463,135.6,True,0.34145,0.0854,0.4056
2026-01-01 08:00,Cell E,41,8.61,34.4,36.0,0.344,121.3,True,0.28359,0.07098,0.338
2026-01-01 08:00,Cell F,51,10.79,43.2,43.8,0.432,131.8,True,0.32777,0.08187,0.38695
2026-01-01 08:05,Cell A,70,14.61,58.4,57.6,0.584,150.1,True,0.38907,0.09734,0.46636
2026-01-01 08:05,Cell B,61,12.8,51.2,51.1,0.512,141.4,True,0.36209,0.09052,0.4314
2026-01-01 08:05,Cell C,43,9.09,36.4,37.7,0.364,123.6,True,0.2945,0.07354,0.3479
2026-01-01 08:05,Cell D,52,10.9,43.6,44.2,0.436,132.3,True,0.32955,0.08239,0.39305
2026-01-01 08:05,Cell E,29,6.24,24.9,27.4,0.249,109.9,True,0.22657,0.05678,0.26388
2026-01-01 08:05,Cell F,46,9.71,38.8,40.0,0.388,126.6,True,0.30648,0.0767,0.36335
2026-01-01 08:10,Cell A,73,15.36,61.4,60.3,0.614,153.7,True,0.39948,0.09993,0.47495
2026-01-01 08:10,Cell B,70,14.63,58.5,57.7,0.585,150.2,True,0.38948,0.0974,0.46605
2026-01-01 08:10,Cell C,40,8.48,33.9,35.5,0.339,120.7,True,0.28086,0.07026,0.3314
2026-01-01 08:10,Cell D,56,11.75,47.0,47.3,0.47,136.4,True,0.34457,0.08614,0.41056
2026-01-01 08:10,Cell E,32,6.83,27.3,29.6,0.273,112.8,True,0.24202,0.06055,0.28369
2026-01-01 08:10,Cell F,54,11.45,45.8,46.2,0.458,135.0,True,0.33926,0.08481,0.4
2026-01-01 08:15,Cell A,70,14.77,59.1,58.2,0.591,150.9,True,0.39165,0.09788,0.46388
2026-01-01 08:15,Cell B,70,14.75,59.0,58.1,0.59,150.8,True,0.39125,0.09781,0.46419
2026-01-01 08:15,Cell C,51,10.71,42.8,43.5,0.428,131.4,True,0.32572,0.08151,0.38813
2026-01-01 08:15,Cell D,56,11.68,46.7,47.1,0.467,136.1,True,0.34313,0.08582,0.41146
2026-01-01 08:15,Cell E,29,6.12,24.5,27.0,0.245,109.4,True,0.22395,0.05594,0.26508
2026-01-01 08:15,Cell F,52,10.99,44.0,44.6,0.44,132.7,True,0.33157,0.08282,0.39186
2026-01-01 08:20,Cell A,66,13.88,55.5,55.0,0.555,146.6,True,0.37858,0.09468,0.4502
2026-01-01 08:20,Cell B,66,13.77,55.1,54.6,0.551,146.1,True,0.37714,0.09425,0.45175
2026-01-01 08:20,Cell C,44,9.25,37.0,38.3,0.37,124.4,True,0.29743,0.07436,0.3537
2026-01-01 08:20,Cell D,64,13.36,53.4,53.1,0.534,144.1,True,0.37058,0.09271,0.44414
2026-01-01 08:20,Cell E,27,5.65,22.6,25.3,0.226,107.1,True,0.21102,0.05275,0.2521
2026-01-01 08:20,Cell F,58,12.13,48.5,48.7,0.485,138.2,True,0.35094,0.08777,0.41968
2026-01-01 08:25,Cell A,74,15.56,62.2,61.0,0.622,154.7,True,0.40207,0.10058,0.47835
2026-01-01 08:25,Cell B,76,15.96,63.8,62.5,0.638,156.6,True,0.40741,0.10192,0.48531
2026-01-01 08:25,Cell C,39,8.28,33.1,34.8,0.331,119.8,True,0.27629,0.06912,0.32554
2026-01-01 08:25,Cell D,53,11.24,44.9,45.5,0.449,133.9,True,0.33532,0.08394,0.39582
2026-01-01 08:25,Cell E,29,6.24,25.0,27.5,0.25,110.0,True,0.22727,0.05673,0.26364
2026-01-01 08:25,Cell F,49,10.23,40.9,41.8,0.409,129.1,True,0.31681,0.07924,0.37955
2026-01-01 08:30,Cell A,69,14.51,58.0,57.2,0.58,149.6,True,0.3877,0.09699,0.46123
2026-01-01 08:30,Cell B,72,15.2,60.8,59.7,0.608,153.0,True,0.39739,0.09935,0.47059
2026-01-01 08:30,Cell C,47,9.83,39.3,40.4,0.393,127.2,True,0.30896,0.07728,0.3695
2026-01-01 08:30,Cell D,53,11.1,44.4,45.0,0.444,133.3,True,0.33308,0.08327,0.3976
2026-01-01 08:30,Cell E,36,7.53,30.1,32.1,0.301,116.2,True,0.25904,0.0648,0.30981
2026-01-01 08:30,Cell F,39,8.13,32.5,34.3,0.325,119.0,True,0.27311,0.06832,0.32773
2026-01-01 08:35,Cell A,73,15.36,61.4,60.3,0.614,153.7,True,0.39948,0.09993,0.47495
2026-01-01 08:35,Cell B,64,13.5,54.0,53.6,0.54,144.8,True,0.37293,0.09323,0.44199
2026-01-01 08:35,Cell C,34,7.24,29.0,31.1,0.29,114.7,True,0.25283,0.06312,0.29643
2026-01-01 08:35,Cell D,68,14.36,57.4,56.7,0.574,148.9,True,0.38549,0.09644,0.45668
2026-01-01 08:35,Cell E,35,7.43,29.7,31.8,0.297,115.7,True,0.2567,0.06422,0.30251
2026-01-01 08:35,Cell F,58,12.12,48.5,48.6,0.485,138.2,True,0.35094,0.0877,0.41968
2026-01-01 08:40,Cell A,81,17.06,68.2,66.4,0.682,161.9,True,0.42125,0.10537,0.50031
2026-01-01 08:40,Cell B,63,13.13,52.5,52.3,0.525,143.0,True,0.36713,0.09182,0.44056
2026-01-01 08:40,Cell C,37,7.82,31.3,33.2,0.313,117.5,True,0.26638,0.06655,0.31489
2026-01-01 08:40,Cell D,67,14.14,56.6,55.9,0.566,147.9,True,0.38269,0.09561,0.45301
2026-01-01 08:40,Cell E,29,6.24,25.0,27.5,0.25,110.0,True,0.22727,0.05673,0.26364
2026-01-01 08:40,Cell F,40,8.49,34.0,35.6,0.34,120.7,True,0.28169,0.07034,0.3314
2026-01-01 08:45,Cell A,58,12.18,48.7,48.9,0.487,138.5,True,0.35162,0.08794,0.41877
2026-01-01 08:45,Cell B,70,14.74,59.0,58.1,0.59,150.8,True,0.39125,0.09775,0.46419
2026-01-01 08:45,Cell C,47,9.96,39.9,40.9,0.399,127.8,True,0.31221,0.07793,0.36776
2026-01-01 08:45,Cell D,66,13.93,55.7,55.1,0.557,146.9,True,0.37917,0.09483,0.44929
2026-01-01 08:45,Cell E,33,6.92,27.7,29.9,0.277,113.2,True,0.2447,0.06113,0.29152
2026-01-01 08:45,Cell F,56,11.7,46.8,47.1,0.468,136.2,True,0.34361,0.0859,0.41116
2026-01-01 08:50,Cell A,71,14.99,60.0,59.0,0.6,152.0,True,0.39474,0.09862,0.46711
2026-01-01 08:50,Cell B,64,13.4,53.6,53.2,0.536,144.3,True,0.37145,0.09286,0.44352
2026-01-01 08:50,Cell C,44,9.2,36.8,38.1,0.368,124.2,True,0.2963,0.07407,0.35427
2026-01-01 08:50,Cell D,58,12.15,48.6,48.8,0.486,138.3,True,0.35141,0.08785,0.41938
2026-01-01 08:50,Cell E,23,4.91,19.7,22.7,0.197,103.6,True,0.19015,0.04739,0.22201
2026-01-01 08:50,Cell F,58,12.27,49.1,49.2,0.491,138.9,True,0.35349,0.08834,0.41757
2026-01-01 08:55,Cell A,71,14.96,59.8,58.9,0.598,151.8,True,0.39394,0.09855,0.46772
2026-01-01 08:55,Cell B,65,13.66,54.7,54.2,0.547,145.6,True,0.37569,0.09382,0.44643
2026-01-01 08:55,Cell C,40,8.46,33.9,35.5,0.339,120.6,True,0.28109,0.07015,0.33167
2026-01-01 08:55,Cell D,52,10.88,43.5,44.2,0.435,132.2,True,0.32905,0.0823,0.39334
2026-01-01 08:55,Cell E,41,8.73,34.9,36.4,0.349,121.9,True,0.2863,0.07162,0.33634
2026-01-01 08:55,Cell F,55,11.61,46.5,46.8,0.465,135.7,True,0.34267,0.08556,0.40531
2026-01-01 09:00,Cell A,96,20.14,80.5,77.5,0.805,176.7,True,0.45557,0.11398,0.54329
2026-01-01 09:00,Cell B,89,18.63,74.5,72.1,0.745,169.4,True,0.43979,0.10998,0.52538
2026-01-01 09:00,Cell C,56,11.83,47.3,47.6,0.473,136.8,True,0.34576,0.08648,0.40936
2026-01-01 09:00,Cell D,76,15.87,63.5,62.1,0.635,156.2,True,0.40653,0.1016,0.48656
2026-01-01 09:00,Cell E,50,10.45,41.8,42.6,0.418,130.2,True,0.32104,0.08026,0.38402
2026-01-01 09:00,Cell F,78,16.34,65.4,63.8,0.654,158.4,True,0.41288,0.10316,0.49242
2026-01-01 09:05,Cell A,108,22.66,90.6,86.6,0.906,188.8,True,0.47987,0.12002,0.57203
2026-01-01 09:05,Cell B,93,19.49,78.0,75.2,0.78,173.6,True,0.44931,0.11227,0.53571
2026-01-01 09:05,Cell C,52,10.89,43.6,44.2,0.436,132.3,True,0.32955,0.08231,0.39305
2026-01-01 09:05,Cell D,75,15.73,62.9,61.6,0.629,155.5,True,0.4045,0.10116,0.48232
2026-01-01 09:05,Cell E,42,8.81,35.2,36.7,0.352,122.3,True,0.28782,0.07204,0.34342
2026-01-01 09:05,Cell F,79,16.48,65.9,64.3,0.659,159.1,True,0.4142,0.10358,0.49654
2026-01-01 09:10,Cell A,95,19.97,79.9,76.9,0.799,175.9,True,0.45424,0.11353,0.54008
2026-01-01 09:10,Cell B,91,19.12,76.5,73.8,0.765,171.8,True,0.44529,0.11129,0.52969
2026-01-01 09:10,Cell C,65,13.65,54.6,54.1,0.546,145.5,True,0.37526,0.09381,0.44674
2026-01-01 09:10,Cell D,79,16.6,66.4,64.8,0.664,159.7,True,0.41578,0.10394,0.49468
2026-01-01 09:10,Cell E,51,10.78,43.1,43.8,0.431,131.7,True,0.32726,0.08185,0.38724
2026-01-01 09:10,Cell F,73,15.35,61.4,60.3,0.614,153.7,True,0.39948,0.09987,0.47495
2026-01-01 09:15,Cell A,103,21.46,85.8,82.3,0.858,183.0,True,0.46885,0.11727,0.56284
2026-01-01 09:15,Cell B,93,19.56,78.2,75.4,0.782,173.9,True,0.44968,0.11248,0.53479
2026-01-01 09:15,Cell C,43,9.03,36.1,37.5,0.361,123.3,True,0.29278,0.07324,0.34874
2026-01-01 09:15,Cell D,86,18.01,72.1,69.8,0.721,166.5,True,0.43303,0.10817,0.51652
2026-01-01 09:15,Cell E,41,8.6,34.4,36.0,0.344,121.3,True,0.28359,0.0709,0.338
2026-01-01 09:15,Cell F,65,13.74,54.9,54.4,0.549,145.9,True,0.37629,0.09417,0.44551
2026-01-01 09:20,Cell A,108,22.62,90.5,86.4,0.905,188.6,True,0.47985,0.11994,0.57264
2026-01-01 09:20,Cell B,99,20.81,83.3,79.9,0.833,179.9,True,0.46304,0.11568,0.55031
2026-01-01 09:20,Cell C,56,11.69,46.8,47.1,0.468,136.1,True,0.34386,0.08589,0.41146
2026-01-01 09:20,Cell D,78,16.33,65.3,63.8,0.653,158.4,True,0.41225,0.10309,0.49242
2026-01-01 09:20,Cell E,38,8.07,32.3,34.0,0.323,118.7,True,0.27211,0.06799,0.32013
2026-01-01 09:20,Cell F,77,16.11,64.4,63.0,0.644,157.3,True,0.40941,0.10242,0.48951
2026-01-01 09:25,Cell A,98,20.58,82.3,79.1,0.823,178.8,True,0.46029,0.1151,0.5481
2026-01-01 09:25,Cell B,92,19.37,77.5,74.7,0.775,173.0,True,0.44798,0.11197,0.53179
2026-01-01 09:25,Cell C,61,12.74,51.0,50.9,0.51,141.2,True,0.36119,0.09023,0.43201
2026-01-01 09:25,Cell D,76,16.0,64.0,62.6,0.64,156.8,True,0.40816,0.10204,0.48469
2026-01-01 09:25,Cell E,37,7.73,30.9,32.8,0.309,117.1,True,0.26388,0.06601,0.31597
2026-01-01 09:25,Cell F,70,14.74,59.0,58.1,0.59,150.8,True,0.39125,0.09775,0.46419
2026-01-01 09:30,Cell A,89,18.69,74.8,72.3,0.748,169.7,True,0.44078,0.11014,0.52445
2026-01-01 09:30,Cell B,94,19.76,79.0,76.1,0.79,174.9,True,0.45169,0.11298,0.53745
2026-01-01 09:30,Cell C,58,12.18,48.7,48.8,0.487,138.4,True,0.35188,0.08801,0.41908
2026-01-01 09:30,Cell D,79,16.67,66.7,65.0,0.667,160.0,True,0.41688,0.10419,0.49375
2026-01-01 09:30,Cell E,40,8.41,33.6,35.3,0.336,120.4,True,0.27907,0.06985,0.33223
2026-01-01 09:30,Cell F,72,15.16,60.6,59.6,0.606,152.8,True,0.3966,0.09921,0.4712
2026-01-01 09:35,Cell A,86,17.95,71.8,69.6,0.718,166.2,True,0.43201,0.108,0.51745
2026-01-01 09:35,Cell B,87,18.2,72.8,70.5,0.728,167.4,True,0.43489,0.10872,0.51971
2026-01-01 09:35,Cell C,49,10.38,41.5,42.4,0.415,129.8,True,0.31972,0.07997,0.3775
2026-01-01 09:35,Cell D,74,15.49,61.9,60.8,0.619,154.3,True,0.40117,0.10039,0.47959
2026-01-01 09:35,Cell E,38,8.09,32.4,34.1,0.324,118.8,True,0.27273,0.0681,0.31987
2026-01-01 09:35,Cell F,79,16.6,66.4,64.8,0.664,159.7,True,0.41578,0.10394,0.49468
2026-01-01 09:40,Cell A,99,20.71,82.8,79.5,0.828,179.4,True,0.46154,0.11544,0.55184
2026-01-01 09:40,Cell B,94,19.6,78.4,75.6,0.784,174.1,True,0.45032,0.11258,0.53992
2026-01-01 09:40,Cell C,56,11.83,47.3,47.6,0.473,136.8,True,0.34576,0.08648,0.40936
2026-01-01 09:40,Cell D,84,17.63,70.5,68.5,0.705,164.6,True,0.42831,0.10711,0.51033
2026-01-01 09:40,Cell E,38,7.93,31.7,33.5,0.317,118.1,True,0.26842,0.06715,0.32176
2026-01-01 09:40,Cell F,73,15.4,61.6,60.5,0.616,153.9,True,0.40026,0.10006,0.47433
2026-01-01 09:45,Cell A,99,20.64,82.6,79.3,0.826,179.1,True,0.46119,0.11524,0.55276
2026-01-01 09:45,Cell B,82,17.11,68.4,66.6,0.684,162.1,True,0.42196,0.10555,0.50586
2026-01-01 09:45,Cell C,59,12.48,49.9,49.9,0.499,139.9,True,0.35668,0.08921,0.42173
2026-01-01 09:45,Cell D,82,17.12,68.5,66.6,0.685,162.2,True,0.42232,0.10555,0.50555
2026-01-01 09:45,Cell E,41,8.62,34.5,36.0,0.345,121.4,True,0.28418,0.071,0.33773
2026-01-01 09:45,Cell F,67,13.96,55.9,55.3,0.559,147.0,True,0.38027,0.09497,0.45578
2026-01-01 09:50,Cell A,94,19.63,78.5,75.7,0.785,174.2,True,0.45063,0.11269,0.53961
2026-01-01 09:50,Cell B,85,17.86,71.5,69.3,0.715,165.7,True,0.4315,0.10779,0.51298
2026-01-01 09:50,Cell C,54,11.39,45.6,46.0,0.456,134.7,True,0.33853,0.08456,0.40089
2026-01-01 09:50,Cell D,85,17.76,71.0,68.9,0.71,165.2,True,0.42978,0.10751,0.51453
2026-01-01 09:50,Cell E,43,9.06,36.2,37.6,0.362,123.5,True,0.29312,0.07336,0.34818
2026-01-01 09:50,Cell F,78,16.31,65.2,63.7,0.652,158.3,True,0.41188,0.10303,0.49274
2026-01-01 09:55,Cell A,103,21.51,86.1,82.5,0.861,183.3,True,0.46972,0.11735,0.56192
2026-01-01 09:55,Cell B,101,21.16,84.6,81.2,0.846,181.6,True,0.46586,0.11652,0.55617
2026-01-01 09:55,Cell C,55,11.62,46.5,46.8,0.465,135.8,True,0.34242,0.08557,0.40501
2026-01-01 09:55,Cell D,78,16.4,65.6,64.1,0.656,158.7,True,0.41336,0.10334,0.49149
2026-01-01 09:55,Cell E,44,9.21,36.9,38.2,0.369,124.2,True,0.2971,0.07415,0.35427
2026-01-01 09:55,Cell F,71,14.84,59.3,58.4,0.593,151.2,True,0.3922,0.09815,0.46958
2026-01-01 10:00,Cell A,89,18.61,74.4,72.0,0.744,169.3,True,0.43946,0.10992,0.52569
2026-01-01 10:00,Cell B,97,20.35,81.4,78.3,0.814,177.7,True,0.45808,0.11452,0.54586
2026-01-01 10:00,Cell C,53,11.22,44.9,45.4,0.449,133.8,True,0.33558,0.08386,0.39611
2026-01-01 10:00,Cell D,69,14.47,57.9,57.1,0.579,149.5,True,0.38729,0.09679,0.46154
2026-01-01 10:00,Cell E,48,10.01,40.1,41.0,0.401,128.1,True,0.31304,0.07814,0.37471
2026-01-01 10:00,Cell F,92,19.2,76.8,74.1,0.768,172.2,True,0.44599,0.1115,0.53426
2026-01-01 10:05,Cell A,102,21.39,85.5,82.0,0.855,182.7,True,0.46798,0.11708,0.55829
2026-01-01 10:05,Cell B,91,19.14,76.6,73.9,0.766,171.9,True,0.44561,0.11134,0.52938
2026-01-01 10:05,Cell C,51,10.81,43.2,43.9,0.432,131.9,True,0.32752,0.08196,0.38666
2026-01-01 10:05,Cell D,69,14.42,57.7,56.9,0.577,149.2,True,0.38673,0.09665,0.46247
2026-01-01 10:05,Cell E,39,8.32,33.3,34.9,0.333,119.9,True,0.27773,0.06939,0.32527
2026-01-01 10:05,Cell F,61,12.74,51.0,50.9,0.51,141.2,True,0.36119,0.09023,0.43201
2026-01-01 10:10,Cell A,107,22.37,89.5,85.5,0.895,187.4,True,0.47759,0.11937,0.57097
2026-01-01 10:10,Cell B,87,18.21,72.8,70.5,0.728,167.4,True,0.43489,0.10878,0.51971
2026-01-01 10:10,Cell C,50,10.57,42.3,43.0,0.423,130.7,True,0.32364,0.08087,0.38256
2026-01-01 10:10,Cell D,75,15.7,62.8,61.5,0.628,155.4,True,0.40412,0.10103,0.48263
2026-01-01 10:10,Cell E,48,10.16,40.7,41.6,0.407,128.8,True,0.31599,0.07888,0.37267
2026-01-01 10:10,Cell F,74,15.49,62.0,60.8,0.62,154.4,True,0.40155,0.10032,0.47927
2026-01-01 10:15,Cell A,106,22.15,88.6,84.8,0.886,186.3,True,0.47558,0.11889,0.56897
2026-01-01 10:15,Cell B,95,19.92,79.7,76.7,0.797,175.6,True,0.45387,0.11344,0.541
2026-01-01 10:15,Cell C,57,11.92,47.7,47.9,0.477,137.2,True,0.34767,0.08688,0.41545
2026-01-01 10:15,Cell D,89,18.7,74.8,72.3,0.748,169.8,True,0.44052,0.11013,0.52415
2026-01-01 10:15,Cell E,45,9.42,37.7,38.9,0.377,125.2,True,0.30112,0.07524,0.35942
2026-01-01 10:15,Cell F,75,15.8,63.2,61.9,0.632,155.8,True,0.40565,0.10141,0.48139
2026-01-01 10:20,Cell A,105,22.0,88.0,84.2,0.88,185.6,True,0.47414,0.11853,0.56573
2026-01-01 10:20,Cell B,94,19.79,79.1,76.2,0.791,175.0,True,0.452,0.11309,0.53714
2026-01-01 10:20,Cell C,58,12.21,48.8,49.0,0.488,138.6,True,0.35209,0.0881,0.41847
2026-01-01 10:20,Cell D,76,15.93,63.7,62.4,0.637,156.5,True,0.40703,0.10179,0.48562
2026-01-01 10:20,Cell E,42,8.77,35.1,36.6,0.351,122.1,True,0.28747,0.07183,0.34398
2026-01-01 10:20,Cell F,62,13.07,52.3,52.1,0.523,142.7,True,0.3665,0.09159,0.43448
2026-01-01 10:25,Cell A,103,21.57,86.3,82.7,0.863,183.6,True,0.47004,0.11748,0.561
2026-01-01 10:25,Cell B,93,19.51,78.0,75.2,0.78,173.6,True,0.44931,0.11238,0.53571
2026-01-01 10:25,Cell C,56,11.67,46.7,47.0,0.467,136.0,True,0.34338,0.08581,0.41176
2026-01-01 10:25,Cell D,94,19.79,79.1,76.2,0.791,175.0,True,0.452,0.11309,0.53714
2026-01-01 10:25,Cell E,47,9.95,39.8,40.8,0.398,127.8,True,0.31142,0.07786,0.36776
2026-01-01 10:25,Cell F,79,16.62,66.5,64.8,0.665,159.8,True,0.41615,0.10401,0.49437
2026-01-01 10:30,Cell A,101,21.05,84.2,80.8,0.842,181.0,True,0.46519,0.1163,0.55801
2026-01-01 10:30,Cell B,94,19.66,78.6,75.8,0.786,174.4,True,0.45069,0.11273,0.53899
2026-01-01 10:30,Cell C,53,11.09,44.4,44.9,0.444,133.2,True,0.33333,0.08326,0.3979
2026-01-01 10:30,Cell D,84,17.61,70.5,68.4,0.705,164.5,True,0.42857,0.10705,0.51064
2026-01-01 10:30,Cell E,53,11.07,44.3,44.9,0.443,133.2,True,0.33258,0.08311,0.3979
2026-01-01 10:30,Cell F,81,16.89,67.5,65.8,0.675,161.1,True,0.41899,0.10484,0.50279
2026-01-01 10:35,Cell A,102,21.32,85.3,81.7,0.853,182.3,True,0.46791,0.11695,0.55952
2026-01-01 10:35,Cell B,86,18.08,72.3,70.1,0.723,166.8,True,0.43345,0.10839,0.51559
2026-01-01 10:35,Cell C,47,10.0,40.0,41.0,0.4,128.0,True,0.3125,0.07812,0.36719
2026-01-01 10:35,Cell D,93,19.54,78.2,75.4,0.782,173.8,True,0.44994,0.11243,0.5351
2026-01-01 10:35,Cell E,42,8.92,35.7,37.1,0.357,122.8,True,0.29072,0.07264,0.34202
2026-01-01 10:35,Cell F,76,16.04,64.1,62.7,0.641,157.0,True,0.40828,0.10217,0.48408
2026-01-01 10:40,Cell A,100,20.94,83.8,80.4,0.838,180.5,True,0.46427,0.11601,0.55402
2026-01-01 10:40,Cell B,96,20.02,80.1,77.1,0.801,176.1,True,0.45486,0.11369,0.54514
2026-01-01 10:40,Cell C,50,10.43,41.7,42.6,0.417,130.1,True,0.32052,0.08017,0.38432
2026-01-01 10:40,Cell D,73,15.21,60.8,59.8,0.608,153.0,True,0.39739,0.09941,0.47712
2026-01-01 10:40,Cell E,43,9.13,36.5,37.9,0.365,123.8,True,0.29483,0.07375,0.34733
2026-01-01 10:40,Cell F,72,15.01,60.0,59.0,0.6,152.0,True,0.39474,0.09875,0.47368
2026-01-01 10:45,Cell A,97,20.36,81.4,78.3,0.814,177.7,True,0.45808,0.11458,0.54586
2026-01-01 10:45,Cell B,94,19.65,78.6,75.7,0.786,174.3,True,0.45095,0.11274,0.5393
2026-01-01 10:45,Cell C,53,11.2,44.8,45.3,0.448,133.8,True,0.33483,0.08371,0.39611
2026-01-01 10:45,Cell D,81,17.05,68.2,66.4,0.682,161.8,True,0.42151,0.10538,0.50062
2026-01-01 10:45,Cell E,44,9.34,37.4,38.6,0.374,124.9,True,0.29944,0.07478,0.35228
2026-01-01 10:45,Cell F,67,14.14,56.6,55.9,0.566,147.9,True,0.38269,0.09561,0.45301
2026-01-01 10:50,Cell A,97,20.4,81.6,78.5,0.816,177.9,True,0.45868,0.11467,0.54525
2026-01-01 10:50,Cell B,84,17.63,70.5,68.5,0.705,164.6,True,0.42831,0.10711,0.51033
2026-01-01 10:50,Cell C,51,10.69,42.8,43.5,0.428,131.3,True,0.32597,0.08142,0.38842
2026-01-01 10:50,Cell D,79,16.63,66.5,64.9,0.665,159.8,True,0.41615,0.10407,0.49437
2026-01-01 10:50,Cell E,39,8.23,32.9,34.6,0.329,119.5,True,0.27531,0.06887,0.32636
2026-01-01 10:50,Cell F,64,13.53,54.1,53.7,0.541,144.9,True,0.37336,0.09337,0.44168
2026-01-01 10:55,Cell A,101,21.21,84.8,81.4,0.848,181.8,True,0.46645,0.11667,0.55556
2026-01-01 10:55,Cell B,87,18.21,72.8,70.6,0.728,167.4,True,0.43489,0.10878,0.51971
2026-01-01 10:55,Cell C,59,12.36,49.4,49.5,0.494,139.3,True,0.35463,0.08873,0.42355
2026-01-01 10:55,Cell D,78,16.4,65.6,64.0,0.656,158.7,True,0.41336,0.10334,0.49149
2026-01-01 10:55,Cell E,38,7.93,31.7,33.5,0.317,118.1,True,0.26842,0.06715,0.32176
2026-01-01 10:55,Cell F,67,14.03,56.1,55.5,0.561,147.4,True,0.3806,0.09518,0.45455
2026-01-01 11:00,Cell A,96,20.01,80.0,77.0,0.8,176.0,True,0.45455,0.11369,0.54545
2026-01-01 11:00,Cell B,83,17.41,69.6,67.7,0.696,163.5,True,0.42569,0.10648,0.50765
2026-01-01 11:00,Cell C,50,10.49,41.9,42.7,0.419,130.3,True,0.32157,0.08051,0.38373
2026-01-01 11:00,Cell D,76,15.94,63.8,62.4,0.638,156.5,True,0.40767,0.10185,0.48562
2026-01-01 11:00,Cell E,38,8.01,32.0,33.8,0.32,118.4,True,0.27027,0.06765,0.32095
2026-01-01 11:00,Cell F,77,16.25,65.0,63.5,0.65,158.0,True,0.41139,0.10285,0.48734
2026-01-01 11:05,Cell A,98,20.54,82.1,78.9,0.821,178.6,True,0.45969,0.11501,0.54871
2026-01-01 11:05,Cell B,91,19.16,76.7,74.0,0.767,172.0,True,0.44593,0.1114,0.52907
2026-01-01 11:05,Cell C,49,10.36,41.4,42.3,0.414,129.7,True,0.3192,0.07988,0.37779
2026-01-01 11:05,Cell D,82,17.27,69.1,67.2,0.691,162.9,True,0.42419,0.10602,0.50338
2026-01-01 11:05,Cell E,44,9.18,36.7,38.1,0.367,124.1,True,0.29573,0.07397,0.35455
2026-01-01 11:05,Cell F,76,15.95,63.8,62.4,0.638,156.6,True,0.40741,0.10185,0.48531
2026-01-01 11:10,Cell A,95,19.99,80.0,77.0,0.8,176.0,True,0.45455,0.11358,0.53977
2026-01-01 11:10,Cell B,98,20.55,82.2,79.0,0.822,178.6,True,0.46025,0.11506,0.54871
2026-01-01 11:10,Cell C,48,10.08,40.3,41.3,0.403,128.4,True,0.31386,0.0785,0.37383
2026-01-01 11:10,Cell D,86,18.06,72.2,70.0,0.722,166.7,True,0.43311,0.10834,0.5159
2026-01-01 11:10,Cell E,42,8.94,35.8,37.2,0.358,122.9,True,0.29129,0.07274,0.34174
2026-01-01 11:10,Cell F,69,14.54,58.2,57.3,0.582,149.8,True,0.38852,0.09706,0.46061
2026-01-01 11:15,Cell A,99,20.8,83.2,79.9,0.832,179.8,True,0.46274,0.11568,0.55061
2026-01-01 11:15,Cell B,93,19.47,77.9,75.1,0.779,173.5,True,0.44899,0.11222,0.53602
2026-01-01 11:15,Cell C,53,11.25,45.0,45.5,0.45,134.0,True,0.33582,0.08396,0.39552
2026-01-01 11:15,Cell D,83,17.5,70.0,68.0,0.7,164.0,True,0.42683,0.10671,0.5061
2026-01-01 11:15,Cell E,39,8.16,32.6,34.4,0.326,119.2,True,0.27349,0.06846,0.32718
2026-01-01 11:15,Cell F,70,14.79,59.2,58.2,0.592,151.0,True,0.39205,0.09795,0.46358
2026-01-01 11:20,Cell A,89,18.68,74.7,72.2,0.747,169.6,True,0.44045,0.11014,0.52476
2026-01-01 11:20,Cell B,87,18.32,73.3,71.0,0.733,168.0,True,0.43631,0.10905,0.51786
2026-01-01 11:20,Cell C,53,11.1,44.4,45.0,0.444,133.3,True,0.33308,0.08327,0.3976
2026-01-01 11:20,Cell D,90,18.94,75.8,73.2,0.758,170.9,True,0.44353,0.11083,0.52662
2026-01-01 11:20,Cell E,44,9.32,37.3,38.6,0.373,124.8,True,0.29888,0.07468,0.35256
2026-01-01 11:20,Cell F,66,13.89,55.5,55.0,0.555,146.7,True,0.37832,0.09468,0.4499
2026-01-01 11:25,Cell A,96,20.18,80.7,77.6,0.807,176.9,True,0.45619,0.11408,0.54268
2026-01-01 11:25,Cell B,88,18.45,73.8,71.4,0.738,168.6,True,0.43772,0.10943,0.52195
2026-01-01 11:25,Cell C,66,13.75,55.0,54.5,0.55,146.0,True,0.37671,0.09418,0.45205
2026-01-01 11:25,Cell D,70,14.71,58.8,58.0,0.588,150.6,True,0.39044,0.09768,0.46481
2026-01-01 11:25,Cell E,46,9.76,39.1,40.1,0.391,126.9,True,0.30812,0.07691,0.36249
2026-01-01 11:25,Cell F,73,15.23,60.9,59.8,0.609,153.1,True,0.39778,0.09948,0.47681
2026-01-01 11:30,Cell A,99,20.68,82.7,79.4,0.827,179.3,True,0.46124,0.11534,0.55215
2026-01-01 11:30,Cell B,93,19.42,77.7,74.9,0.777,173.2,True,0.44861,0.11212,0.53695
2026-01-01 11:30,Cell C,50,10.44,41.7,42.6,0.417,130.1,True,0.32052,0.08025,0.38432
2026-01-01 11:30,Cell D,76,15.88,63.5,62.2,0.635,156.2,True,0.40653,0.10166,0.48656
2026-01-01 11:30,Cell E,51,10.77,43.1,43.8,0.431,131.7,True,0.32726,0.08178,0.38724
2026-01-01 11:30,Cell F,69,14.48,57.9,57.1,0.579,149.5,True,0.38729,0.09686,0.46154
2026-01-01 11:35,Cell A,99,20.71,82.8,79.6,0.828,179.4,True,0.46154,0.11544,0.55184
2026-01-01 11:35,Cell B,90,18.77,75.1,72.6,0.751,170.1,True,0.4415,0.11035,0.5291
2026-01-01 11:35,Cell C,53,11.23,44.9,45.4,0.449,133.9,True,0.33532,0.08387,0.39582
2026-01-01 11:35,Cell D,92,19.19,76.8,74.1,0.768,172.1,True,0.44625,0.1115,0.53457
2026-01-01 11:35,Cell E,45,9.58,38.3,39.5,0.383,126.0,True,0.30397,0.07603,0.35714
2026-01-01 11:35,Cell F,71,14.89,59.6,58.6,0.596,151.5,True,0.3934,0.09828,0.46865
2026-01-01 11:40,Cell A,99,20.75,83.0,79.7,0.83,179.6,True,0.46214,0.11553,0.55122
2026-01-01 11:40,Cell B,96,20.15,80.6,77.5,0.806,176.7,True,0.45614,0.11404,0.54329
2026-01-01 11:40,Cell C,58,12.17,48.7,48.8,0.487,138.4,True,0.35188,0.08793,0.41908
2026-01-01 11:40,Cell D,80,16.73,66.9,65.2,0.669,160.3,True,0.41734,0.10437,0.49906
2026-01-01 11:40,Cell E,43,9.11,36.4,37.8,0.364,123.7,True,0.29426,0.07365,0.34762
2026-01-01 11:40,Cell F,72,15.01,60.1,59.0,0.601,152.1,True,0.39513,0.09869,0.47337
2026-01-01 11:45,Cell A,101,21.2,84.8,81.3,0.848,181.8,True,0.46645,0.11661,0.55556
2026-01-01 11:45,Cell B,86,18.12,72.5,70.2,0.725,167.0,True,0.43413,0.1085,0.51497
2026-01-01 11:45,Cell C,57,11.92,47.7,47.9,0.477,137.2,True,0.34767,0.08688,0.41545
2026-01-01 11:45,Cell D,84,17.7,70.8,68.7,0.708,165.0,True,0.42909,0.10727,0.50909
2026-01-01 11:45,Cell E,41,8.6,34.4,36.0,0.344,121.3,True,0.28359,0.0709,0.338
2026-01-01 11:45,Cell F,80,16.82,67.3,65.5,0.673,160.7,True,0.41879,0.10467,0.49782
2026-01-01 11:50,Cell A,101,21.2,84.8,81.3,0.848,181.7,True,0.4667,0.11668,0.55586
2026-01-01 11:50,Cell B,85,17.71,70.9,68.8,0.709,165.0,True,0.4297,0.10733,0.51515
2026-01-01 11:50,Cell C,49,10.23,40.9,41.8,0.409,129.1,True,0.31681,0.07924,0.37955
2026-01-01 11:50,Cell D,83,17.5,70.0,68.0,0.7,164.0,True,0.42683,0.10671,0.5061
2026-01-01 11:50,Cell E,38,8.06,32.2,34.0,0.322,118.7,True,0.27127,0.0679,0.32013
2026-01-01 11:50,Cell F,77,16.17,64.7,63.2,0.647,157.6,True,0.41053,0.1026,0.48858
2026-01-01 11:55,Cell A,98,20.47,81.9,78.7,0.819,178.3,True,0.45934,0.11481,0.54964
2026-01-01 11:55,Cell B,89,18.69,74.8,72.3,0.748,169.7,True,0.44078,0.11014,0.52445
2026-01-01 11:55,Cell C,54,11.27,45.1,45.6,0.451,134.1,True,0.33632,0.08404,0.40268
2026-01-01 11:55,Cell D,85,17.77,71.1,69.0,0.711,165.3,True,0.43013,0.1075,0.51422
2026-01-01 11:55,Cell E,35,7.31,29.3,31.3,0.293,115.1,True,0.25456,0.06351,0.30408
2026-01-01 11:55,Cell F,80,16.78,67.1,65.4,0.671,160.5,True,0.41807,0.10455,0.49844
2026-01-01 12:00,Cell A,92,19.31,77.2,74.5,0.772,172.7,True,0.44702,0.11181,0.53272
2026-01-01 12:00,Cell B,91,19.03,76.1,73.5,0.761,171.3,True,0.44425,0.11109,0.53123
2026-01-01 12:00,Cell C,50,10.57,42.3,43.0,0.423,130.7,True,0.32364,0.08087,0.38256
2026-01-01 12:00,Cell D,79,16.57,66.3,64.7,0.663,159.5,True,0.41567,0.10389,0.4953
2026-01-01 12:00,Cell E,48,10.07,40.3,41.2,0.403,128.3,True,0.31411,0.07849,0.37412
2026-01-01 12:00,Cell F,59,12.41,49.7,49.7,0.497,139.6,True,0.35602,0.0889,0.42264
2026-01-01 12:05,Cell A,99,20.7,82.8,79.5,0.828,179.3,True,0.4618,0.11545,0.55215
2026-01-01 12:05,Cell B,90,18.87,75.5,72.9,0.755,170.6,True,0.44256,0.11061,0.52755
2026-01-01 12:05,Cell C,42,8.9,35.6,37.0,0.356,122.7,True,0.29014,0.07253,0.3423
2026-01-01 12:05,Cell D,86,17.95,71.8,69.6,0.718,166.2,True,0.43201,0.108,0.51745
2026-01-01 12:05,Cell E,48,10.04,40.2,41.1,0.402,128.2,True,0.31357,0.07832,0.37441
2026-01-01 12:05,Cell F,88,18.47,73.9,71.5,0.739,168.6,True,0.43832,0.10955,0.52195
2026-01-01 12:10,Cell A,106,22.2,88.8,84.9,0.888,186.6,True,0.47588,0.11897,0.56806
2026-01-01 12:10,Cell B,96,20.15,80.6,77.6,0.806,176.7,True,0.45614,0.11404,0.54329
2026-01-01 12:10,Cell C,71,14.86,59.4,58.5,0.594,151.3,True,0.3926,0.09822,0.46927
2026-01-01 12:10,Cell D,70,14.77,59.1,58.2,0.591,150.9,True,0.39165,0.09788,0.46388
2026-01-01 12:10,Cell E,51,10.77,43.1,43.8,0.431,131.7,True,0.32726,0.08178,0.38724
2026-01-01 12:10,Cell F,65,13.59,54.4,53.9,0.544,145.2,True,0.37466,0.0936,0.44766
2026-01-01 12:15,Cell A,101,21.15,84.6,81.1,0.846,181.5,True,0.46612,0.11653,0.55647
2026-01-01 12:15,Cell B,96,20.05,80.2,77.2,0.802,176.3,True,0.45491,0.11373,0.54453
2026-01-01 12:15,Cell C,37,7.72,30.9,32.8,0.309,117.1,True,0.26388,0.06593,0.31597
2026-01-01 12:15,Cell D,75,15.82,63.3,62.0,0.633,156.0,True,0.40577,0.10141,0.48077
2026-01-01 12:15,Cell E,36,7.57,30.3,32.2,0.303,116.3,True,0.26053,0.06509,0.30954
2026-01-01 12:15,Cell F,67,14.13,56.5,55.9,0.565,147.8,True,0.38227,0.0956,0.45332
2026-01-01 12:20,Cell A,106,22.15,88.6,84.7,0.886,186.3,True,0.47558,0.11889,0.56897
2026-01-01 12:20,Cell B,92,19.23,76.9,74.2,0.769,172.3,True,0.44631,0.11161,0.53395
2026-01-01 12:20,Cell C,48,10.05,40.2,41.2,0.402,128.2,True,0.31357,0.07839,0.37441
2026-01-01 12:20,Cell D,77,16.12,64.5,63.0,0.645,157.4,True,0.40978,0.10241,0.4892
2026-01-01 12:20,Cell E,34,7.12,28.5,30.6,0.285,114.2,True,0.24956,0.06235,0.29772
2026-01-01 12:20,Cell F,74,15.45,61.8,60.6,0.618,154.2,True,0.40078,0.10019,0.4799
2026-01-01 12:25,Cell A,100,20.92,83.7,80.3,0.837,180.4,True,0.46397,0.11596,0.55432
2026-01-01 12:25,Cell B,90,18.95,75.8,73.2,0.758,171.0,True,0.44327,0.11082,0.52632
2026-01-01 12:25,Cell C,62,13.03,52.1,51.9,0.521,142.5,True,0.36561,0.09144,0.43509
2026-01-01 12:25,Cell D,83,17.38,69.5,67.6,0.695,163.4,True,0.42534,0.10636,0.50796
2026-01-01 12:25,Cell E,43,8.99,36.0,37.4,0.36,123.2,True,0.29221,0.07297,0.34903
2026-01-01 12:25,Cell F,64,13.4,53.6,53.2,0.536,144.3,True,0.37145,0.09286,0.44352
2026-01-01 12:30,Cell A,97,20.36,81.4,78.3,0.814,177.7,True,0.45808,0.11458,0.54586
2026-01-01 12:30,Cell B,98,20.59,82.3,79.1,0.823,178.8,True,0.46029,0.11516,0.5481
2026-01-01 12:30,Cell C,42,8.77,35.1,36.6,0.351,122.1,True,0.28747,0.07183,0.34398
2026-01-01 12:30,Cell D,86,18.05,72.2,70.0,0.722,166.6,True,0.43337,0.10834,0.51621
2026-01-01 12:30,Cell E,41,8.73,34.9,36.4,0.349,121.9,True,0.2863,0.07162,0.33634
2026-01-01 12:30,Cell F,74,15.5,62.0,60.8,0.62,154.4,True,0.40155,0.10039,0.47927
2026-01-01 12:35,Cell A,94,19.67,78.7,75.8,0.787,174.4,True,0.45126,0.11279,0.53899
2026-01-01 12:35,Cell B,82,17.24,69.0,67.1,0.69,162.8,True,0.42383,0.1059,0.50369
2026-01-01 12:35,Cell C,45,9.51,38.1,39.3,0.381,125.7,True,0.3031,0.07566,0.358
2026-01-01 12:35,Cell D,74,15.43,61.7,60.6,0.617,154.1,True,0.40039,0.10013,0.48021
2026-01-01 12:35,Cell E,45,9.43,37.7,38.9,0.377,125.3,True,0.30088,0.07526,0.35914
2026-01-01 12:35,Cell F,72,15.08,60.3,59.3,0.603,152.4,True,0.39567,0.09895,0.47244
2026-01-01 12:40,Cell A,96,20.14,80.6,77.5,0.806,176.7,True,0.45614,0.11398,0.54329
2026-01-01 12:40,Cell B,89,18.7,74.8,72.3,0.748,169.8,True,0.44052,0.11013,0.52415
2026-01-01 12:40,Cell C,51,10.72,42.9,43.6,0.429,131.5,True,0.32624,0.08152,0.38783
2026-01-01 12:40,Cell D,75,15.8,63.2,61.9,0.632,155.9,True,0.40539,0.10135,0.48108
2026-01-01 12:40,Cell E,49,10.34,41.4,42.2,0.414,129.7,True,0.3192,0.07972,0.37779
2026-01-01 12:40,Cell F,67,14.11,56.5,55.8,0.565,147.8,True,0.38227,0.09547,0.45332
2026-01-01 12:45,Cell A,94,19.72,78.9,76.0,0.789,174.6,True,0.45189,0.11294,0.53837
2026-01-01 12:45,Cell B,89,18.62,74.5,72.0,0.745,169.4,True,0.43979,0.10992,0.52538
2026-01-01 12:45,Cell C,59,12.43,49.7,49.8,0.497,139.7,True,0.35576,0.08898,0.42233
2026-01-01 12:45,Cell D,96,20.07,80.3,77.2,0.803,176.3,True,0.45547,0.11384,0.54453
2026-01-01 12:45,Cell E,39,8.13,32.5,34.3,0.325,119.0,True,0.27311,0.06832,0.32773
2026-01-01 12:45,Cell F,79,16.64,66.5,64.9,0.665,159.8,True,0.41615,0.10413,0.49437
2026-01-01 12:50,Cell A,99,20.82,83.3,79.9,0.833,179.9,True,0.46304,0.11573,0.55031
2026-01-01 12:50,Cell B,96,20.12,80.5,77.4,0.805,176.6,True,0.45583,0.11393,0.5436
2026-01-01 12:50,Cell C,52,11.01,44.0,44.6,0.44,132.8,True,0.33133,0.08291,0.39157
2026-01-01 12:50,Cell D,79,16.53,66.1,64.5,0.661,159.4,True,0.41468,0.1037,0.49561
2026-01-01 12:50,Cell E,34,7.1,28.4,30.5,0.284,114.1,True,0.2489,0.06223,0.29798
2026-01-01 12:50,Cell F,71,14.92,59.7,58.7,0.597,151.6,True,0.3938,0.09842,0.46834
2026-01-01 12:55,Cell A,113,23.69,94.7,90.3,0.947,193.7,True,0.4889,0.1223,0.58338
2026-01-01 12:55,Cell B,82,17.22,68.9,67.0,0.689,162.7,True,0.42348,0.10584,0.504
2026-01-01 12:55,Cell C,40,8.34,33.3,35.0,0.333,120.0,True,0.2775,0.0695,0.33333
2026-01-01 12:55,Cell D,79,16.47,65.9,64.3,0.659,159.1,True,0.4142,0.10352,0.49654
2026-01-01 12:55,Cell E,44,9.21,36.9,38.2,0.369,124.2,True,0.2971,0.07415,0.35427
2026-01-01 12:55,Cell F,73,15.21,60.9,59.8,0.609,153.0,True,0.39804,0.09941,0.47712
2026-01-01 13:00,Cell A,96,20.12,80.5,77.4,0.805,176.6,True,0.45583,0.11393,0.5436
2026-01-01 13:00,Cell B,85,17.74,71.0,68.9,0.71,165.2,True,0.42978,0.10738,0.51453
2026-01-01 13:00,Cell C,56,11.79,47.1,47.4,0.471,136.6,True,0.3448,0.08631,0.40996
2026-01-01 13:00,Cell D,79,16.57,66.3,64.7,0.663,159.6,True,0.41541,0.10382,0.49499
2026-01-01 13:00,Cell E,40,8.41,33.6,35.3,0.336,120.4,True,0.27907,0.06985,0.33223
2026-01-01 13:00,Cell F,76,15.95,63.8,62.4,0.638,156.6,True,0.40741,0.10185,0.48531
2026-01-01 13:05,Cell A,99,20.78,83.1,79.8,0.831,179.8,True,0.46218,0.11557,0.55061
2026-01-01 13:05,Cell B,95,19.92,79.7,76.7,0.797,175.6,True,0.45387,0.11344,0.541
2026-01-01 13:05,Cell C,57,11.89,47.6,47.8,0.476,137.1,True,0.34719,0.08673,0.41575
2026-01-01 13:05,Cell D,78,16.29,65.2,63.7,0.652,158.2,True,0.41214,0.10297,0.49305
2026-01-01 13:05,Cell E,45,9.58,38.3,39.5,0.383,126.0,True,0.30397,0.07603,0.35714
2026-01-01 13:05,Cell F,69,14.57,58.3,57.5,0.583,150.0,True,0.38867,0.09713,0.46
2026-01-01 13:10,Cell A,93,19.5,78.0,75.2,0.78,173.6,True,0.44931,0.11233,0.53571
2026-01-01 13:10,Cell B,96,20.0,80.0,77.0,0.8,176.0,True,0.45455,0.11364,0.54545
2026-01-01 13:10,Cell C,60,12.67,50.7,50.6,0.507,140.8,True,0.36009,0.08999,0.42614
2026-01-01 13:10,Cell D,75,15.76,63.1,61.7,0.631,155.7,True,0.40527,0.10122,0.4817
2026-01-01 13:10,Cell E,46,9.79,39.1,40.2,0.391,127.0,True,0.30787,0.07709,0.3622
2026-01-01 13:10,Cell F,74,15.53,62.1,60.9,0.621,154.5,True,0.40194,0.10052,0.47896
2026-01-01 13:15,Cell A,104,21.76,87.0,83.3,0.87,184.5,True,0.47154,0.11794,0.56369
2026-01-01 13:15,Cell B,84,17.66,70.6,68.6,0.706,164.8,True,0.4284,0.10716,0.50971
2026-01-01 13:15,Cell C,49,10.4,41.6,42.4,0.416,129.9,True,0.32025,0.08006,0.37721
2026-01-01 13:15,Cell D,83,17.42,69.7,67.7,0.697,163.6,True,0.42604,0.10648,0.50733
2026-01-01 13:15,Cell E,42,8.96,35.8,37.2,0.358,123.0,True,0.29106,0.07285,0.34146
2026-01-01 13:15,Cell F,74,15.56,62.2,61.0,0.622,154.7,True,0.40207,0.10058,0.47835
2026-01-01 13:20,Cell A,96,20.03,80.1,77.1,0.801,176.2,True,0.4546,0.11368,0.54484
2026-01-01 13:20,Cell B,94,19.63,78.5,75.7,0.785,174.2,True,0.45063,0.11269,0.53961
2026-01-01 13:20,Cell C,53,11.13,44.5,45.1,0.445,133.4,True,0.33358,0.08343,0.3973
2026-01-01 13:20,Cell D,86,17.98,71.9,69.7,0.719,166.3,True,0.43235,0.10812,0.51714
2026-01-01 13:20,Cell E,41,8.71,34.9,36.4,0.349,121.8,True,0.28654,0.07151,0.33662
2026-01-01 13:20,Cell F,73,15.39,61.6,60.4,0.616,153.9,True,0.40026,0.1,0.47433
2026-01-01 13:25,Cell A,100,20.89,83.6,80.2,0.836,180.3,True,0.46367,0.11586,0.55463
2026-01-01 13:25,Cell B,87,18.18,72.7,70.4,0.727,167.3,True,0.43455,0.10867,0.52002
2026-01-01 13:25,Cell C,61,12.83,51.3,51.2,0.513,141.6,True,0.36229,0.09061,0.43079
2026-01-01 13:25,Cell D,84,17.62,70.5,68.4,0.705,164.6,True,0.42831,0.10705,0.51033
2026-01-01 13:25,Cell E,49,10.28,41.1,42.0,0.411,129.3,True,0.31787,0.07951,0.37896
2026-01-01 13:25,Cell F,71,14.96,59.8,58.8,0.598,151.8,True,0.39394,0.09855,0.46772
2026-01-01 13:30,Cell A,95,19.98,79.9,76.9,0.799,175.9,True,0.45424,0.11359,0.54008
2026-01-01 13:30,Cell B,74,15.56,62.2,61.0,0.622,154.7,True,0.40207,0.10058,0.47835
2026-01-01 13:30,Cell C,57,12.07,48.3,48.4,0.483,137.9,True,0.35025,0.08753,0.41334
2026-01-01 13:30,Cell D,77,16.21,64.8,63.3,0.648,157.8,True,0.41065,0.10272,0.48796
2026-01-01 13:30,Cell E,50,10.53,42.1,42.9,0.421,130.6,True,0.32236,0.08063,0.38285
2026-01-01 13:30,Cell F,74,15.61,62.5,61.2,0.625,154.9,True,0.40349,0.10077,0.47773
2026-01-01 13:35,Cell A,93,19.48,77.9,75.1,0.779,173.5,True,0.44899,0.11228,0.53602
2026-01-01 13:35,Cell B,76,16.01,64.0,62.6,0.64,156.8,True,0.40816,0.1021,0.48469
2026-01-01 13:35,Cell C,46,9.7,38.8,39.9,0.388,126.6,True,0.30648,0.07662,0.36335
2026-01-01 13:35,Cell D,82,17.18,68.7,66.8,0.687,162.4,True,0.42303,0.10579,0.50493
2026-01-01 13:35,Cell E,47,9.86,39.4,40.5,0.394,127.3,True,0.30951,0.07745,0.36921
2026-01-01 13:35,Cell F,69,14.46,57.8,57.1,0.578,149.4,True,0.38688,0.09679,0.46185
2026-01-01 13:40,Cell A,104,21.69,86.8,83.1,0.868,184.1,True,0.47148,0.11782,0.56491
2026-01-01 13:40,Cell B,86,17.92,71.7,69.5,0.717,166.0,True,0.43193,0.10795,0.51807
2026-01-01 13:40,Cell C,62,13.11,52.5,52.2,0.525,142.9,True,0.36739,0.09174,0.43387
2026-01-01 13:40,Cell D,72,15.04,60.2,59.1,0.602,152.2,True,0.39553,0.09882,0.47306
2026-01-01 13:40,Cell E,50,10.5,42.0,42.8,0.42,130.4,True,0.32209,0.08052,0.38344
2026-01-01 13:40,Cell F,77,16.18,64.7,63.3,0.647,157.7,True,0.41027,0.1026,0.48827
2026-01-01 13:45,Cell A,99,20.69,82.8,79.5,0.828,179.3,True,0.4618,0.11539,0.55215
2026-01-01 13:45,Cell B,88,18.53,74.1,71.7,0.741,169.0,True,0.43846,0.10964,0.52071
2026-01-01 13:45,Cell C,57,11.99,48.0,48.2,0.48,137.6,True,0.34884,0.08714,0.41424
2026-01-01 13:45,Cell D,84,17.57,70.3,68.2,0.703,164.3,True,0.42788,0.10694,0.51126
2026-01-01 13:45,Cell E,45,9.52,38.1,39.3,0.381,125.7,True,0.3031,0.07574,0.358
2026-01-01 13:45,Cell F,72,15.13,60.5,59.5,0.605,152.6,True,0.39646,0.09915,0.47182
2026-01-01 13:50,Cell A,103,21.55,86.2,82.6,0.862,183.4,True,0.47001,0.1175,0.56161
2026-01-01 13:50,Cell B,85,17.79,71.2,69.1,0.712,165.4,True,0.43047,0.10756,0.51391
2026-01-01 13:50,Cell C,50,10.55,42.2,43.0,0.422,130.7,True,0.32288,0.08072,0.38256
2026-01-01 13:50,Cell D,84,17.51,70.0,68.0,0.7,164.1,True,0.42657,0.1067,0.51188
2026-01-01 13:50,Cell E,53,11.04,44.2,44.8,0.442,133.0,True,0.33233,0.08301,0.3985
2026-01-01 13:50,Cell F,64,13.44,53.8,53.4,0.538,144.5,True,0.37232,0.09301,0.44291
2026-01-01 13:55,Cell A,99,20.72,82.9,79.6,0.829,179.5,True,0.46184,0.11543,0.55153
2026-01-01 13:55,Cell B,88,18.47,73.9,71.5,0.739,168.7,True,0.43806,0.10948,0.52164
2026-01-01 13:55,Cell C,51,10.68,42.7,43.4,0.427,131.3,True,0.32521,0.08134,0.38842
2026-01-01 13:55,Cell D,78,16.4,65.6,64.0,0.656,158.7,True,0.41336,0.10334,0.49149
2026-01-01 13:55,Cell E,43,9.05,36.2,37.6,0.362,123.4,True,0.29335,0.07334,0.34846
2026-01-01 13:55,Cell F,80,16.69,66.7,65.1,0.667,160.1,True,0.41661,0.10425,0.49969
2026-01-01 14:00,Cell A,102,21.36,85.4,81.9,0.854,182.5,True,0.46795,0.11704,0.5589
2026-01-01 14:00,Cell B,91,19.06,76.2,73.6,0.762,171.5,True,0.44431,0.11114,0.53061
2026-01-01 14:00,Cell C,58,12.11,48.5,48.6,0.485,138.1,True,0.35119,0.08769,0.41999
2026-01-01 14:00,Cell D,79,16.54,66.1,64.5,0.661,159.4,True,0.41468,0.10376,0.49561
2026-01-01 14:00,Cell E,43,9.07,36.3,37.7,0.363,123.5,True,0.29393,0.07344,0.34818
2026-01-01 14:00,Cell F,83,17.43,69.7,67.7,0.697,163.7,True,0.42578,0.10648,0.50703
2026-01-01 14:05,Cell A,105,21.95,87.8,84.0,0.878,185.3,True,0.47383,0.11846,0.56665
2026-01-01 14:05,Cell B,86,18.01,72.0,69.8,0.72,166.4,True,0.43269,0.10823,0.51683
2026-01-01 14:05,Cell C,58,12.09,48.4,48.5,0.484,138.0,True,0.35072,0.08761,0.42029
2026-01-01 14:05,Cell D,66,13.76,55.0,54.5,0.55,146.0,True,0.37671,0.09425,0.45205
2026-01-01 14:05,Cell E,45,9.53,38.1,39.3,0.381,125.8,True,0.30286,0.07576,0.35771
2026-01-01 14:05,Cell F,82,17.12,68.5,66.6,0.685,162.2,True,0.42232,0.10555,0.50555
2026-01-01 14:10,Cell A,99,20.71,82.8,79.6,0.828,179.4,True,0.46154,0.11544,0.55184
2026-01-01 14:10,Cell B,91,19.1,76.4,73.7,0.764,171.7,True,0.44496,0.11124,0.52999
2026-01-01 14:10,Cell C,51,10.75,43.0,43.7,0.43,131.6,True,0.32675,0.08169,0.38754
2026-01-01 14:10,Cell D,85,17.83,71.3,69.2,0.713,165.6,True,0.43056,0.10767,0.51329
2026-01-01 14:10,Cell E,41,8.7,34.8,36.3,0.348,121.7,True,0.28595,0.07149,0.33689
2026-01-01 14:10,Cell F,63,13.23,52.9,52.6,0.529,143.5,True,0.36864,0.0922,0.43902
2026-01-01 14:15,Cell A,92,19.22,76.9,74.2,0.769,172.3,True,0.44631,0.11155,0.53395
2026-01-01 14:15,Cell B,97,20.32,81.3,78.2,0.813,177.5,True,0.45803,0.11448,0.54648
2026-01-01 14:15,Cell C,56,11.86,47.4,47.7,0.474,136.9,True,0.34624,0.08663,0.40906
2026-01-01 14:15,Cell D,78,16.29,65.2,63.6,0.652,158.2,True,0.41214,0.10297,0.49305
2026-01-01 14:15,Cell E,48,10.1,40.4,41.4,0.404,128.5,True,0.3144,0.0786,0.37354
2026-01-01 14:15,Cell F,71,14.79,59.2,58.3,0.592,151.0,True,0.39205,0.09795,0.4702
2026-01-01 14:20,Cell A,105,21.99,88.0,84.2,0.88,185.6,True,0.47414,0.11848,0.56573
2026-01-01 14:20,Cell B,95,19.95,79.8,76.8,0.798,175.8,True,0.45392,0.11348,0.54039
2026-01-01 14:20,Cell C,46,9.72,38.9,40.0,0.389,126.6,True,0.30727,0.07678,0.36335
2026-01-01 14:20,Cell D,73,15.21,60.9,59.8,0.609,153.0,True,0.39804,0.09941,0.47712
2026-01-01 14:20,Cell E,45,9.39,37.6,38.8,0.376,125.1,True,0.30056,0.07506,0.35971
2026-01-01 14:20,Cell F,69,14.49,58.0,57.2,0.58,149.6,True,0.3877,0.09686,0.46123
2026-01-01 14:25,Cell A,98,20.48,81.9,78.7,0.819,178.3,True,0.45934,0.11486,0.54964
2026-01-01 14:25,Cell B,86,18.05,72.2,70.0,0.722,166.6,True,0.43337,0.10834,0.51621
2026-01-01 14:25,Cell C,52,10.93,43.7,44.3,0.437,132.5,True,0.32981,0.08249,0.39245
2026-01-01 14:25,Cell D,76,15.94,63.7,62.4,0.637,156.5,True,0.40703,0.10185,0.48562
2026-01-01 14:25,Cell E,34,7.18,28.7,30.8,0.287,114.5,True,0.25066,0.06271,0.29694
2026-01-01 14:25,Cell F,65,13.6,54.4,54.0,0.544,145.3,True,0.3744,0.0936,0.44735
2026-01-01 14:30,Cell A,95,19.84,79.4,76.4,0.794,175.2,True,0.4532,0.11324,0.54224
2026-01-01 14:30,Cell B,92,19.21,76.8,74.2,0.768,172.2,True,0.44599,0.11156,0.53426
2026-01-01 14:30,Cell C,43,9.0,36.0,37.4,0.36,123.2,True,0.29221,0.07305,0.34903
2026-01-01 14:30,Cell D,84,17.59,70.4,68.3,0.704,164.5,True,0.42796,0.10693,0.51064
2026-01-01 14:30,Cell E,42,8.75,35.0,36.5,0.35,122.0,True,0.28689,0.07172,0.34426
2026-01-01 14:30,Cell F,67,14.0,56.0,55.4,0.56,147.2,True,0.38043,0.09511,0.45516
2026-01-01 14:35,Cell A,85,17.82,71.3,69.2,0.713,165.6,True,0.43056,0.10761,0.51329
2026-01-01 14:35,Cell B,84,17.66,70.6,68.6,0.706,164.8,True,0.4284,0.10716,0.50971
2026-01-01 14:35,Cell C,56,11.81,47.2,47.5,0.472,136.7,True,0.34528,0.08639,0.40966
2026-01-01 14:35,Cell D,78,16.45,65.8,64.2,0.658,159.0,True,0.41384,0.10346,0.49057
2026-01-01 14:35,Cell E,45,9.55,38.2,39.4,0.382,125.8,True,0.30366,0.07591,0.35771
2026-01-01 14:35,Cell F,63,13.17,52.7,52.4,0.527,143.2,True,0.36802,0.09197,0.43994
2026-01-01 14:40,Cell A,98,20.5,82.0,78.8,0.82,178.4,True,0.45964,0.11491,0.54933
2026-01-01 14:40,Cell B,88,18.52,74.1,71.7,0.741,168.9,True,0.43872,0.10965,0.52102
2026-01-01 14:40,Cell C,63,13.29,53.2,52.8,0.532,143.8,True,0.36996,0.09242,0.43811
2026-01-01 14:40,Cell D,85,17.84,71.4,69.2,0.714,165.7,True,0.4309,0.10766,0.51298
2026-01-01 14:40,Cell E,43,9.15,36.6,37.9,0.366,123.9,True,0.2954,0.07385,0.34705
2026-01-01 14:40,Cell F,70,14.63,58.5,57.7,0.585,150.2,True,0.38948,0.0974,0.46605
2026-01-01 14:45,Cell A,97,20.35,81.4,78.3,0.814,177.7,True,0.45808,0.11452,0.54586
2026-01-01 14:45,Cell B,86,17.97,71.9,69.7,0.719,166.2,True,0.43261,0.10812,0.51745
2026-01-01 14:45,Cell C,62,13.01,52.0,51.8,0.52,142.5,True,0.36491,0.0913,0.43509
2026-01-01 14:45,Cell D,81,16.89,67.6,65.8,0.676,161.1,True,0.41962,0.10484,0.50279
2026-01-01 14:45,Cell E,43,9.14,36.6,37.9,0.366,123.9,True,0.2954,0.07377,0.34705
2026-01-01 14:45,Cell F,60,12.55,50.2,50.2,0.502,140.2,True,0.35806,0.08951,0.42796
2026-01-01 14:50,Cell A,100,21.02,84.1,80.7,0.841,180.9,True,0.4649,0.1162,0.55279
2026-01-01 14:50,Cell B,85,17.9,71.6,69.4,0.716,165.9,True,0.43159,0.1079,0.51236
2026-01-01 14:50,Cell C,64,13.39,53.6,53.2,0.536,144.3,True,0.37145,0.09279,0.44352
2026-01-01 14:50,Cell D,78,16.4,65.6,64.0,0.656,158.7,True,0.41336,0.10334,0.49149
2026-01-01 14:50,Cell E,53,11.11,44.5,45.0,0.445,133.3,True,0.33383,0.08335,0.3976
2026-01-01 14:50,Cell F,71,14.86,59.4,58.5,0.594,151.3,True,0.3926,0.09822,0.46927
2026-01-01 14:55,Cell A,97,20.29,81.1,78.0,0.811,177.4,True,0.45716,0.11437,0.54679
2026-01-01 14:55,Cell B,95,19.84,79.4,76.4,0.794,175.2,True,0.4532,0.11324,0.54224
2026-01-01 14:55,Cell C,53,11.18,44.7,45.2,0.447,133.7,True,0.33433,0.08362,0.39641
2026-01-01 14:55,Cell D,76,15.98,63.9,62.5,0.639,156.7,True,0.40779,0.10198,0.485
2026-01-01 14:55,Cell E,42,8.85,35.4,36.9,0.354,122.5,True,0.28898,0.07224,0.34286
2026-01-01 14:55,Cell F,85,17.81,71.2,69.1,0.712,165.5,True,0.43021,0.10761,0.5136
2026-01-01 15:00,Cell A,104,21.69,86.8,83.1,0.868,184.1,True,0.47148,0.11782,0.56491
2026-01-01 15:00,Cell B,86,17.97,71.9,69.7,0.719,166.2,True,0.43261,0.10812,0.51745
2026-01-01 15:00,Cell C,51,10.69,42.8,43.5,0.428,131.3,True,0.32597,0.08142,0.38842
2026-01-01 15:00,Cell D,72,15.17,60.7,59.6,0.607,152.8,True,0.39725,0.09928,0.4712
2026-01-01 15:00,Cell E,37,7.75,31.0,32.9,0.31,117.2,True,0.26451,0.06613,0.3157
2026-01-01 15:00,Cell F,68,14.3,57.2,56.5,0.572,148.6,True,0.38493,0.09623,0.4576
2026-01-01 15:05,Cell A,91,19.15,76.6,73.9,0.766,171.9,True,0.44561,0.1114,0.52938
2026-01-01 15:05,Cell B,90,18.84,75.4,72.8,0.754,170.5,True,0.44223,0.1105,0.52786
2026-01-01 15:05,Cell C,61,12.91,51.6,51.5,0.516,142.0,True,0.36338,0.09092,0.42958
2026-01-01 15:05,Cell D,88,18.52,74.1,71.7,0.741,168.9,True,0.43872,0.10965,0.52102
2026-01-01 15:05,Cell E,50,10.57,42.3,43.1,0.423,130.8,True,0.32339,0.08081,0.38226
2026-01-01 15:05,Cell F,79,16.6,66.4,64.7,0.664,159.7,True,0.41578,0.10394,0.49468
2026-01-01 15:10,Cell A,93,19.52,78.1,75.3,0.781,173.7,True,0.44963,0.11238,0.53541
2026-01-01 15:10,Cell B,89,18.62,74.5,72.0,0.745,169.4,True,0.43979,0.10992,0.52538
2026-01-01 15:10,Cell C,43,9.15,36.6,37.9,0.366,123.9,True,0.2954,0.07385,0.34705
2026-01-01 15:10,Cell D,74,15.62,62.5,61.2,0.625,155.0,True,0.40323,0.10077,0.47742
2026-01-01 15:10,Cell E,46,9.68,38.7,39.8,0.387,126.4,True,0.30617,0.07658,0.36392
2026-01-01 15:10,Cell F,76,15.91,63.6,62.3,0.636,156.4,True,0.40665,0.10173,0.48593
2026-01-01 15:15,Cell A,94,19.6,78.4,75.6,0.784,174.1,True,0.45032,0.11258,0.53992
2026-01-01 15:15,Cell B,98,20.42,81.7,78.5,0.817,178.0,True,0.45899,0.11472,0.55056
2026-01-01 15:15,Cell C,46,9.72,38.9,40.0,0.389,126.6,True,0.30727,0.07678,0.36335
2026-01-01 15:15,Cell D,82,17.17,68.7,66.8,0.687,162.4,True,0.42303,0.10573,0.50493
2026-01-01 15:15,Cell E,37,7.76,31.0,32.9,0.31,117.2,True,0.26451,0.06621,0.3157
2026-01-01 15:15,Cell F,72,15.12,60.5,59.4,0.605,152.6,True,0.39646,0.09908,0.47182
2026-01-01 15:20,Cell A,94,19.64,78.6,75.7,0.786,174.3,True,0.45095,0.11268,0.5393
2026-01-01 15:20,Cell B,85,17.88,71.5,69.4,0.715,165.8,True,0.43124,0.10784,0.51267
2026-01-01 15:20,Cell C,52,10.87,43.5,44.1,0.435,132.2,True,0.32905,0.08222,0.39334
2026-01-01 15:20,Cell D,68,14.29,57.2,56.5,0.572,148.6,True,0.38493,0.09616,0.4576
2026-01-01 15:20,Cell E,43,8.96,35.8,37.3,0.358,123.0,True,0.29106,0.07285,0.34959
2026-01-01 15:20,Cell F,72,15.18,60.7,59.7,0.607,152.9,True,0.39699,0.09928,0.4709
2026-01-01 15:25,Cell A,99,20.64,82.6,79.3,0.826,179.1,True,0.46119,0.11524,0.55276
2026-01-01 15:25,Cell B,87,18.33,73.3,71.0,0.733,168.0,True,0.43631,0.10911,0.51786
2026-01-01 15:25,Cell C,56,11.82,47.3,47.5,0.473,136.7,True,0.34601,0.08647,0.40966
2026-01-01 15:25,Cell D,76,15.86,63.4,62.1,0.634,156.1,True,0.40615,0.1016,0.48687
2026-01-01 15:25,Cell E,49,10.22,40.9,41.8,0.409,129.1,True,0.31681,0.07916,0.37955
2026-01-01 15:25,Cell F,72,15.18,60.7,59.6,0.607,152.8,True,0.39725,0.09935,0.4712
2026-01-01 15:30,Cell A,107,22.4,89.6,85.6,0.896,187.5,True,0.47787,0.11947,0.57067
2026-01-01 15:30,Cell B,86,18.1,72.4,70.2,0.724,166.9,True,0.43379,0.10845,0.51528
2026-01-01 15:30,Cell C,47,9.94,39.8,40.8,0.398,127.7,True,0.31167,0.07784,0.36805
2026-01-01 15:30,Cell D,74,15.5,62.0,60.8,0.62,154.4,True,0.40155,0.10039,0.47927
2026-01-01 15:30,Cell E,37,7.76,31.0,32.9,0.31,117.2,True,0.26451,0.06621,0.3157
2026-01-01 15:30,Cell F,75,15.65,62.6,61.4,0.626,155.1,True,0.40361,0.1009,0.48356
2026-01-01 15:35,Cell A,92,19.17,76.7,74.0,0.767,172.0,True,0.44593,0.11145,0.53488
2026-01-01 15:35,Cell B,86,18.06,72.2,70.0,0.722,166.7,True,0.43311,0.10834,0.5159
2026-01-01 15:35,Cell C,45,9.43,37.7,39.0,0.377,125.3,True,0.30088,0.07526,0.35914
2026-01-01 15:35,Cell D,84,17.57,70.3,68.2,0.703,164.3,True,0.42788,0.10694,0.51126
2026-01-01 15:35,Cell E,48,10.13,40.5,41.5,0.405,128.6,True,0.31493,0.07877,0.37325
2026-01-01 15:35,Cell F,70,14.76,59.1,58.1,0.591,150.9,True,0.39165,0.09781,0.46388
2026-01-01 15:40,Cell A,109,22.71,90.8,86.8,0.908,189.0,True,0.48042,0.12016,0.57672
2026-01-01 15:40,Cell B,86,17.94,71.8,69.6,0.718,166.1,True,0.43227,0.10801,0.51776
2026-01-01 15:40,Cell C,44,9.17,36.7,38.0,0.367,124.0,True,0.29597,0.07395,0.35484
2026-01-01 15:40,Cell D,81,16.98,67.9,66.1,0.679,161.5,True,0.42043,0.10514,0.50155
2026-01-01 15:40,Cell E,47,9.93,39.7,40.7,0.397,127.7,True,0.31088,0.07776,0.36805
2026-01-01 15:40,Cell F,79,16.59,66.4,64.7,0.664,159.6,True,0.41604,0.10395,0.49499
2026-01-01 15:45,Cell A,94,19.71,78.8,76.0,0.788,174.6,True,0.45132,0.11289,0.53837
2026-01-01 15:45,Cell B,91,19.08,76.3,73.7,0.763,171.6,True,0.44464,0.11119,0.5303
2026-01-01 15:45,Cell C,58,12.28,49.1,49.2,0.491,139.0,True,0.35324,0.08835,0.41727
2026-01-01 15:45,Cell D,73,15.33,61.3,60.2,0.613,153.6,True,0.39909,0.0998,0.47526
2026-01-01 15:45,Cell E,48,10.1,40.4,41.4,0.404,128.5,True,0.3144,0.0786,0.37354
2026-01-01 15:45,Cell F,68,14.3,57.2,56.5,0.572,148.6,True,0.38493,0.09623,0.4576
2026-01-01 15:50,Cell A,99,20.67,82.7,79.4,0.827,179.2,True,0.4615,0.11535,0.55246
2026-01-01 15:50,Cell B,93,19.43,77.7,74.9,0.777,173.3,True,0.44836,0.11212,0.53664
2026-01-01 15:50,Cell C,51,10.77,43.1,43.8,0.431,131.7,True,0.32726,0.08178,0.38724
2026-01-01 15:50,Cell D,85,17.73,70.9,68.8,0.709,165.1,True,0.42944,0.10739,0.51484
2026-01-01 15:50,Cell E,49,10.4,41.6,42.4,0.416,129.9,True,0.32025,0.08006,0.37721
2026-01-01 15:50,Cell F,73,15.35,61.4,60.2,0.614,153.7,True,0.39948,0.09987,0.47495
2026-01-01 15:55,Cell A,102,21.42,85.7,82.1,0.857,182.8,True,0.46882,0.11718,0.55799
2026-01-01 15:55,Cell B,96,20.08,80.3,77.3,0.803,176.4,True,0.45522,0.11383,0.54422
2026-01-01 15:55,Cell C,50,10.43,41.7,42.5,0.417,130.1,True,0.32052,0.08017,0.38432
2026-01-01 15:55,Cell D,89,18.55,74.2,71.8,0.742,169.1,True,0.43879,0.1097,0.52632
2026-01-01 15:55,Cell E,46,9.59,38.4,39.5,0.384,126.1,True,0.30452,0.07605,0.36479
2026-01-01 15:55,Cell F,70,14.78,59.1,58.2,0.591,150.9,True,0.39165,0.09795,0.46388
2026-01-01 16:00,Cell A,99,20.79,83.2,79.8,0.832,179.8,True,0.46274,0.11563,0.55061
2026-01-01 16:00,Cell B,90,18.9,75.6,73.1,0.756,170.7,True,0.44288,0.11072,0.52724
2026-01-01 16:00,Cell C,63,13.19,52.8,52.5,0.528,143.3,True,0.36846,0.09204,0.43964
2026-01-01 16:00,Cell D,70,14.69,58.8,57.9,0.588,150.5,True,0.3907,0.09761,0.46512
2026-01-01 16:00,Cell E,47,9.86,39.5,40.5,0.395,127.3,True,0.31029,0.07745,0.36921
2026-01-01 16:00,Cell F,71,14.82,59.3,58.4,0.593,151.2,True,0.3922,0.09802,0.46958
2026-01-01 16:05,Cell A,95,19.81,79.2,76.3,0.792,175.1,True,0.45231,0.11314,0.54255
2026-01-01 16:05,Cell B,89,18.58,74.3,71.9,0.743,169.2,True,0.43913,0.10981,0.526
2026-01-01 16:05,Cell C,57,11.94,47.8,48.0,0.478,137.3,True,0.34814,0.08696,0.41515
2026-01-01 16:05,Cell D,74,15.56,62.3,61.0,0.623,154.7,True,0.40271,0.10058,0.47835
2026-01-01 16:05,Cell E,45,9.58,38.3,39.5,0.383,126.0,True,0.30397,0.07603,0.35714
2026-01-01 16:05,Cell F,65,13.66,54.7,54.2,0.547,145.6,True,0.37569,0.09382,0.44643
2026-01-01 16:10,Cell A,116,24.29,97.1,92.4,0.971,196.6,True,0.4939,0.12355,0.59003
2026-01-01 16:10,Cell B,84,17.59,70.4,68.3,0.704,164.4,True,0.42822,0.107,0.51095
2026-01-01 16:10,Cell C,62,13.04,52.2,51.9,0.522,142.6,True,0.36606,0.09144,0.43478
2026-01-01 16:10,Cell D,91,18.98,75.9,73.3,0.759,171.1,True,0.4436,0.11093,0.53185
2026-01-01 16:10,Cell E,40,8.49,34.0,35.6,0.34,120.7,True,0.28169,0.07034,0.3314
2026-01-01 16:10,Cell F,74,15.44,61.8,60.6,0.618,154.1,True,0.40104,0.10019,0.48021
2026-01-01 16:15,Cell A,105,21.88,87.5,83.8,0.875,185.0,True,0.47297,0.11827,0.56757
2026-01-01 16:15,Cell B,85,17.82,71.3,69.2,0.713,165.5,True,0.43082,0.10767,0.5136
2026-01-01 16:15,Cell C,52,10.99,44.0,44.6,0.44,132.8,True,0.33133,0.08276,0.39157
2026-01-01 16:15,Cell D,77,16.14,64.6,63.1,0.646,157.5,True,0.41016,0.10248,0.48889
2026-01-01 16:15,Cell E,59,12.34,49.4,49.4,0.494,139.2,True,0.35489,0.08865,0.42385
2026-01-01 16:15,Cell F,78,16.37,65.5,63.9,0.655,158.6,True,0.41299,0.10322,0.4918
2026-01-01 16:20,Cell A,101,21.15,84.6,81.2,0.846,181.5,True,0.46612,0.11653,0.55647
2026-01-01 16:20,Cell B,87,18.24,72.9,70.7,0.729,167.5,True,0.43522,0.1089,0.5194
2026-01-01 16:20,Cell C,54,11.26,45.0,45.5,0.45,134.0,True,0.33582,0.08403,0.40299
2026-01-01 16:20,Cell D,74,15.42,61.7,60.5,0.617,154.0,True,0.40065,0.10013,0.48052
2026-01-01 16:20,Cell E,56,11.78,47.1,47.4,0.471,136.6,True,0.3448,0.08624,0.40996
2026-01-01 16:20,Cell F,74,15.5,62.0,60.8,0.62,154.4,True,0.40155,0.10039,0.47927
2026-01-01 16:25,Cell A,101,21.06,84.2,80.8,0.842,181.1,True,0.46494,0.11629,0.5577
2026-01-01 16:25,Cell B,88,18.35,73.4,71.1,0.734,168.1,True,0.43664,0.10916,0.5235
2026-01-01 16:25,Cell C,51,10.69,42.8,43.5,0.428,131.3,True,0.32597,0.08142,0.38842
2026-01-01 16:25,Cell D,83,17.43,69.7,67.7,0.697,163.7,True,0.42578,0.10648,0.50703
2026-01-01 16:25,Cell E,37,7.85,31.4,33.2,0.314,117.7,True,0.26678,0.06669,0.31436
2026-01-01 16:25,Cell F,61,12.82,51.3,51.2,0.513,141.5,True,0.36254,0.0906,0.4311
2026-01-01 16:30,Cell A,95,19.97,79.9,76.9,0.799,175.9,True,0.45424,0.11353,0.54008
2026-01-01 16:30,Cell B,92,19.29,77.1,74.4,0.771,172.6,True,0.4467,0.11176,0.53302
2026-01-01 16:30,Cell C,55,11.64,46.6,46.9,0.466,135.9,True,0.3429,0.08565,0.40471
2026-01-01 16:30,Cell D,84,17.59,70.4,68.3,0.704,164.4,True,0.42822,0.107,0.51095
2026-01-01 16:30,Cell E,37,7.78,31.1,33.0,0.311,117.4,True,0.26491,0.06627,0.31516
2026-01-01 16:30,Cell F,70,14.67,58.7,57.8,0.587,150.4,True,0.39029,0.09754,0.46543
2026-01-01 16:35,Cell A,95,19.99,79.9,76.9,0.799,175.9,True,0.45424,0.11364,0.54008
2026-01-01 16:35,Cell B,79,16.56,66.2,64.6,0.662,159.5,True,0.41505,0.10382,0.4953
2026-01-01 16:35,Cell C,59,12.45,49.8,49.8,0.498,139.8,True,0.35622,0.08906,0.42203
2026-01-01 16:35,Cell D,80,16.71,66.9,65.2,0.669,160.2,True,0.4176,0.10431,0.49938
2026-01-01 16:35,Cell E,44,9.27,37.1,38.4,0.371,124.5,True,0.29799,0.07446,0.35341
2026-01-01 16:35,Cell F,65,13.63,54.5,54.1,0.545,145.4,True,0.37483,0.09374,0.44704
2026-01-01 16:40,Cell A,97,20.34,81.4,78.2,0.814,177.6,True,0.45833,0.11453,0.54617
2026-01-01 16:40,Cell B,91,19.03,76.1,73.5,0.761,171.4,True,0.44399,0.11103,0.53092
2026-01-01 16:40,Cell C,58,12.23,48.9,49.0,0.489,138.7,True,0.35256,0.08818,0.41817
2026-01-01 16:40,Cell D,84,17.54,70.2,68.1,0.702,164.2,True,0.42753,0.10682,0.51157
2026-01-01 16:40,Cell E,41,8.55,34.2,35.8,0.342,121.0,True,0.28264,0.07066,0.33884
2026-01-01 16:40,Cell F,79,16.53,66.1,64.5,0.661,159.3,True,0.41494,0.10377,0.49592
2026-01-01 16:45,Cell A,102,21.27,85.1,81.6,0.851,182.1,True,0.46733,0.1168,0.56013
2026-01-01 16:45,Cell B,83,17.41,69.6,67.7,0.696,163.6,True,0.42543,0.10642,0.50733
2026-01-01 16:45,Cell C,60,12.68,50.7,50.6,0.507,140.8,True,0.36009,0.09006,0.42614
2026-01-01 16:45,Cell D,79,16.52,66.1,64.5,0.661,159.3,True,0.41494,0.1037,0.49592
2026-01-01 16:45,Cell E,43,9.05,36.2,37.6,0.362,123.4,True,0.29335,0.07334,0.34846
2026-01-01 16:45,Cell F,65,13.73,54.9,54.4,0.549,145.9,True,0.37629,0.09411,0.44551
2026-01-01 16:50,Cell A,100,21.04,84.2,80.7,0.842,181.0,True,0.46519,0.11624,0.55249
2026-01-01 16:50,Cell B,91,19.04,76.1,73.5,0.761,171.4,True,0.44399,0.11109,0.53092
2026-01-01 16:50,Cell C,49,10.34,41.3,42.2,0.413,129.6,True,0.31867,0.07978,0.37809
2026-01-01 16:50,Cell D,82,17.21,68.9,67.0,0.689,162.6,True,0.42374,0.10584,0.50431
2026-01-01 16:50,Cell E,49,10.27,41.1,42.0,0.411,129.3,True,0.31787,0.07943,0.37896
2026-01-01 16:50,Cell F,78,16.33,65.3,63.8,0.653,158.4,True,0.41225,0.10309,0.49242
2026-01-01 16:55,Cell A,105,21.96,87.8,84.1,0.878,185.4,True,0.47357,0.11845,0.56634
2026-01-01 16:55,Cell B,86,18.11,72.4,70.2,0.724,166.9,True,0.43379,0.10851,0.51528
2026-01-01 16:55,Cell C,62,12.95,51.8,51.6,0.518,142.2,True,0.36428,0.09107,0.43601
2026-01-01 16:55,Cell D,82,17.18,68.7,66.9,0.687,162.5,True,0.42277,0.10572,0.50462
2026-01-01 16:55,Cell E,36,7.71,30.8,32.7,0.308,117.0,True,0.26325,0.0659,0.30769
2026-01-01 16:55,Cell F,81,17.04,68.1,66.3,0.681,161.8,True,0.42089,0.10532,0.50062
2026-01-01 17:00,Cell A,120,25.0,100.0,95.0,1.0,200.0,True,0.5,0.125,0.6
2026-01-01 17:00,Cell B,107,22.46,89.8,85.9,0.898,187.8,True,0.47817,0.1196,0.56976
2026-01-01 17:00,Cell C,58,12.21,48.8,48.9,0.488,138.6,True,0.35209,0.0881,0.41847
2026-01-01 17:00,Cell D,98,20.42,81.7,78.5,0.817,178.0,True,0.45899,0.11472,0.55056
2026-01-01 17:00,Cell E,53,11.12,44.5,45.0,0.445,133.4,True,0.33358,0.08336,0.3973
2026-01-01 17:00,Cell F,84,17.59,70.4,68.3,0.704,164.4,True,0.42822,0.107,0.51095
2026-01-01 17:05,Cell A,120,25.0,100.0,95.0,1.0,200.0,True,0.5,0.125,0.6
2026-01-01 17:05,Cell B,120,25.0,100.0,95.0,1.0,200.0,True,0.5,0.125,0.6
2026-01-01 17:05,Cell C,61,12.83,51.3,51.2,0.513,141.6,True,0.36229,0.09061,0.43079
2026-01-01 17:05,Cell D,101,21.19,84.8,81.3,0.848,181.7,True,0.4667,0.11662,0.55586
2026-01-01 17:05,Cell E,57,11.96,47.8,48.1,0.478,137.4,True,0.34789,0.08705,0.41485
2026-01-01 17:05,Cell F,102,21.38,85.5,82.0,0.855,182.6,True,0.46824,0.11709,0.5586
2026-01-01 17:10,Cell A,119,24.9,99.6,94.6,0.996,199.5,True,0.49925,0.12481,0.59649
2026-01-01 17:10,Cell B,120,25.0,100.0,95.0,1.0,200.0,True,0.5,0.125,0.6
2026-01-01 17:10,Cell C,66,13.95,55.8,55.2,0.558,146.9,True,0.37985,0.09496,0.44929
2026-01-01 17:10,Cell D,102,21.41,85.6,82.1,0.856,182.8,True,0.46827,0.11712,0.55799
2026-01-01 17:10,Cell E,63,13.18,52.7,52.5,0.527,143.3,True,0.36776,0.09197,0.43964
2026-01-01 17:10,Cell F,99,20.83,83.3,80.0,0.833,180.0,True,0.46278,0.11572,0.55
2026-01-01 17:15,Cell A,120,25.0,100.0,95.0,1.0,200.0,True,0.5,0.125,0.6
2026-01-01 17:15,Cell B,113,23.7,94.8,90.3,0.948,193.7,True,0.48942,0.12235,0.58338
2026-01-01 17:15,Cell C,63,13.32,53.3,52.9,0.533,143.9,True,0.3704,0.09256,0.4378
2026-01-01 17:15,Cell D,110,23.12,92.5,88.2,0.925,191.0,True,0.48429,0.12105,0.57592
2026-01-01 17:15,Cell E,65,13.71,54.9,54.4,0.549,145.8,True,0.37654,0.09403,0.44582
2026-01-01 17:15,Cell F,98,20.54,82.2,78.9,0.822,178.6,True,0.46025,0.11501,0.54871
2026-01-01 17:20,Cell A,120,25.0,100.0,95.0,1.0,200.0,True,0.5,0.125,0.6
2026-01-01 17:20,Cell B,108,22.57,90.3,86.3,0.903,188.4,True,0.4793,0.1198,0.57325
2026-01-01 17:20,Cell C,67,14.15,56.6,55.9,0.566,147.9,True,0.38269,0.09567,0.45301
2026-01-01 17:20,Cell D,102,21.39,85.6,82.0,0.856,182.7,True,0.46853,0.11708,0.55829
2026-01-01 17:20,Cell E,69,14.48,57.9,57.1,0.579,149.5,True,0.38729,0.09686,0.46154
2026-01-01 17:20,Cell F,95,19.8,79.2,76.3,0.792,175.0,True,0.45257,0.11314,0.54286
2026-01-01 17:25,Cell A,120,25.0,100.0,95.0,1.0,200.0,True,0.5,0.125,0.6
2026-01-01 17:25,Cell B,104,21.69,86.8,83.1,0.868,184.1,True,0.47148,0.11782,0.56491
2026-01-01 17:25,Cell C,68,14.21,56.8,56.2,0.568,148.2,True,0.38327,0.09588,0.45884
2026-01-01 17:25,Cell D,98,20.58,82.3,79.1,0.823,178.8,True,0.46029,0.1151,0.5481
2026-01-01 17:25,Cell E,56,11.8,47.2,47.5,0.472,136.6,True,0.34553,0.08638,0.40996
2026-01-01 17:25,Cell F,91,19.12,76.5,73.8,0.765,171.8,True,0.44529,0.11129,0.52969
2026-01-01 17:30,Cell A,115,23.98,95.9,91.3,0.959,195.1,True,0.49154,0.12291,0.58944
2026-01-01 17:30,Cell B,114,23.86,95.4,90.9,0.954,194.5,True,0.49049,0.12267,0.58612
2026-01-01 17:30,Cell C,66,13.86,55.4,54.9,0.554,146.5,True,0.37816,0.09461,0.45051
2026-01-01 17:30,Cell D,97,20.28,81.1,78.0,0.811,177.3,True,0.45742,0.11438,0.5471
2026-01-01 17:30,Cell E,49,10.39,41.6,42.4,0.416,129.9,True,0.32025,0.07998,0.37721
2026-01-01 17:30,Cell F,96,20.18,80.7,77.6,0.807,176.9,True,0.45619,0.11408,0.54268
2026-01-01 17:35,Cell A,120,25.0,100.0,95.0,1.0,200.0,True,0.5,0.125,0.6
2026-01-01 17:35,Cell B,107,22.41,89.6,85.7,0.896,187.6,True,0.47761,0.11946,0.57036
2026-01-01 17:35,Cell C,62,13.07,52.3,52.0,0.523,142.7,True,0.3665,0.09159,0.43448
2026-01-01 17:35,Cell D,103,21.46,85.9,82.3,0.859,183.0,True,0.4694,0.11727,0.56284
2026-01-01 17:35,Cell E,62,12.95,51.8,51.6,0.518,142.2,True,0.36428,0.09107,0.43601
2026-01-01 17:35,Cell F,97,20.27,81.1,78.0,0.811,177.3,True,0.45742,0.11433,0.5471
2026-01-01 17:40,Cell A,120,25.0,100.0,95.0,1.0,200.0,True,0.5,0.125,0.6
2026-01-01 17:40,Cell B,108,22.56,90.2,86.2,0.902,188.3,True,0.47902,0.11981,0.57355
2026-01-01 17:40,Cell C,66,13.87,55.5,54.9,0.555,146.6,True,0.37858,0.09461,0.4502
2026-01-01 17:40,Cell D,100,21.01,84.0,80.6,0.84,180.8,True,0.4646,0.11621,0.5531
2026-01-01 17:40,Cell E,66,13.79,55.2,54.7,0.552,146.2,True,0.37756,0.09432,0.45144
2026-01-01 17:40,Cell F,101,21.19,84.8,81.3,0.848,181.7,True,0.4667,0.11662,0.55586
2026-01-01 17:45,Cell A,120,25.0,100.0,95.0,1.0,200.0,True,0.5,0.125,0.6
2026-01-01 17:45,Cell B,108,22.7,90.8,86.7,0.908,189.0,True,0.48042,0.12011,0.57143
2026-01-01 17:45,Cell C,74,15.48,61.9,60.7,0.619,154.3,True,0.40117,0.10032,0.47959
2026-01-01 17:45,Cell D,94,19.63,78.5,75.7,0.785,174.2,True,0.45063,0.11269,0.53961
2026-01-01 17:45,Cell E,57,11.88,47.5,47.8,0.475,137.0,True,0.34672,0.08672,0.41606
2026-01-01 17:45,Cell F,103,21.48,85.9,82.3,0.859,183.1,True,0.46914,0.11731,0.56253
2026-01-01 17:50,Cell A,120,25.0,100.0,95.0,1.0,200.0,True,0.5,0.125,0.6
2026-01-01 17:50,Cell B,116,24.3,97.2,92.5,0.972,196.6,True,0.4944,0.1236,0.59003
2026-01-01 17:50,Cell C,61,12.86,51.5,51.3,0.515,141.7,True,0.36344,0.09076,0.43049
2026-01-01 17:50,Cell D,101,21.16,84.6,81.2,0.846,181.6,True,0.46586,0.11652,0.55617
2026-01-01 17:50,Cell E,59,12.33,49.3,49.4,0.493,139.2,True,0.35417,0.08858,0.42385
2026-01-01 17:50,Cell F,91,19.08,76.3,73.7,0.763,171.6,True,0.44464,0.11119,0.5303
2026-01-01 17:55,Cell A,119,24.91,99.6,94.7,0.996,199.6,True,0.499,0.1248,0.59619
2026-01-01 17:55,Cell B,105,21.92,87.7,83.9,0.877,185.2,True,0.47354,0.11836,0.56695
2026-01-01 17:55,Cell C,71,14.94,59.8,58.8,0.598,151.7,True,0.3942,0.09848,0.46803
2026-01-01 17:55,Cell D,97,20.31,81.2,78.1,0.812,177.5,True,0.45746,0.11442,0.54648
2026-01-01 17:55,Cell E,57,11.88,47.5,47.8,0.475,137.0,True,0.34672,0.08672,0.41606
2026-01-01 17:55,Cell F,87,18.31,73.2,70.9,0.732,167.9,True,0.43597,0.10905,0.51817
2026-01-01 18:00,Cell A,120,25.0,100.0,95.0,1.0,200.0,True,0.5,0.125,0.6
2026-01-01 18:00,Cell B,104,21.83,87.3,83.6,0.873,184.8,True,0.4724,0.11813,0.56277
2026-01-01 18:00,Cell C,62,13.08,52.3,52.1,0.523,142.8,True,0.36625,0.0916,0.43417
2026-01-01 18:00,Cell D,101,21.04,84.2,80.8,0.842,181.0,True,0.46519,0.11624,0.55801
2026-01-01 18:00,Cell E,57,11.95,47.8,48.0,0.478,137.4,True,0.34789,0.08697,0.41485
2026-01-01 18:00,Cell F,90,18.92,75.7,73.1,0.757,170.8,True,0.44321,0.11077,0.52693
2026-01-01 18:05,Cell A,120,25.0,100.0,95.0,1.0,200.0,True,0.5,0.125,0.6
2026-01-01 18:05,Cell B,117,24.42,97.7,92.9,0.977,197.2,True,0.49544,0.12383,0.59331
2026-01-01 18:05,Cell C,63,13.26,53.1,52.7,0.531,143.7,True,0.36952,0.09228,0.43841
2026-01-01 18:05,Cell D,110,22.99,91.9,87.8,0.919,190.3,True,0.48292,0.12081,0.57803
2026-01-01 18:05,Cell E,55,11.66,46.6,47.0,0.466,136.0,True,0.34265,0.08574,0.40441
2026-01-01 18:05,Cell F,87,18.27,73.1,70.8,0.731,167.7,True,0.4359,0.10894,0.51878
2026-01-01 18:10,Cell A,120,25.0,100.0,95.0,1.0,200.0,True,0.5,0.125,0.6
2026-01-01 18:10,Cell B,107,22.48,89.9,85.9,0.899,187.9,True,0.47845,0.11964,0.56945
2026-01-01 18:10,Cell C,59,12.31,49.2,49.3,0.492,139.1,True,0.3537,0.0885,0.42416
2026-01-01 18:10,Cell D,108,22.53,90.1,86.1,0.901,188.1,True,0.479,0.11978,0.57416
2026-01-01 18:10,Cell E,55,11.56,46.2,46.6,0.462,135.5,True,0.34096,0.08531,0.4059
2026-01-01 18:10,Cell F,95,19.95,79.8,76.8,0.798,175.8,True,0.45392,0.11348,0.54039
2026-01-01 18:15,Cell A,120,25.0,100.0,95.0,1.0,200.0,True,0.5,0.125,0.6
2026-01-01 18:15,Cell B,108,22.62,90.5,86.4,0.905,188.6,True,0.47985,0.11994,0.57264
2026-01-01 18:15,Cell C,67,14.04,56.2,55.5,0.562,147.4,True,0.38128,0.09525,0.45455
2026-01-01 18:15,Cell D,96,20.2,80.8,77.7,0.808,177.0,True,0.4565,0.11412,0.54237
2026-01-01 18:15,Cell E,55,11.49,46.0,46.4,0.46,135.2,True,0.34024,0.08499,0.4068
2026-01-01 18:15,Cell F,92,19.37,77.5,74.7,0.775,173.0,True,0.44798,0.11197,0.53179
2026-01-01 18:20,Cell A,120,25.0,100.0,95.0,1.0,200.0,True,0.5,0.125,0.6
2026-01-01 18:20,Cell B,109,22.9,91.6,87.4,0.916,189.9,True,0.48236,0.12059,0.57399
2026-01-01 18:20,Cell C,82,17.14,68.6,66.7,0.686,162.3,True,0.42267,0.10561,0.50524
2026-01-01 18:20,Cell D,111,23.25,93.0,88.7,0.93,191.6,True,0.48539,0.12135,0.57933
2026-01-01 18:20,Cell E,57,12.0,48.0,48.2,0.48,137.6,True,0.34884,0.08721,0.41424
2026-01-01 18:20,Cell F,100,20.99,84.0,80.6,0.84,180.7,True,0.46486,0.11616,0.5534
2026-01-01 18:25,Cell A,120,25.0,100.0,95.0,1.0,200.0,True,0.5,0.125,0.6
2026-01-01 18:25,Cell B,115,24.02,96.1,91.5,0.961,195.3,True,0.49206,0.12299,0.58884
2026-01-01 18:25,Cell C,73,15.22,60.9,59.8,0.609,153.1,True,0.39778,0.09941,0.47681
2026-01-01 18:25,Cell D,99,20.76,83.0,79.7,0.83,179.7,True,0.46188,0.11553,0.55092
2026-01-01 18:25,Cell E,62,13.05,52.2,52.0,0.522,142.6,True,0.36606,0.09151,0.43478
2026-01-01 18:25,Cell F,87,18.15,72.6,70.4,0.726,167.1,True,0.43447,0.10862,0.52065
2026-01-01 18:30,Cell A,114,23.79,95.2,90.6,0.952,194.2,True,0.49022,0.1225,0.58702
2026-01-01 18:30,Cell B,119,24.97,99.9,94.9,0.999,199.9,True,0.49975,0.12491,0.5953
2026-01-01 18:30,Cell C,63,13.28,53.1,52.8,0.531,143.7,True,0.36952,0.09241,0.43841
2026-01-01 18:30,Cell D,103,21.46,85.9,82.3,0.859,183.0,True,0.4694,0.11727,0.56284
2026-01-01 18:30,Cell E,58,12.1,48.4,48.6,0.484,138.1,True,0.35047,0.08762,0.41999
2026-01-01 18:30,Cell F,94,19.7,78.8,75.9,0.788,174.6,True,0.45132,0.11283,0.53837
2026-01-01 18:35,Cell A,111,23.21,92.8,88.5,0.928,191.4,True,0.48485,0.12126,0.57994
2026-01-01 18:35,Cell B,118,24.61,98.4,93.6,0.984,198.1,True,0.49672,0.12423,0.59566
2026-01-01 18:35,Cell C,74,15.56,62.2,61.0,0.622,154.7,True,0.40207,0.10058,0.47835
2026-01-01 18:35,Cell D,97,20.4,81.6,78.5,0.816,177.9,True,0.45868,0.11467,0.54525
2026-01-01 18:35,Cell E,65,13.6,54.4,54.0,0.544,145.3,True,0.3744,0.0936,0.44735
2026-01-01 18:35,Cell F,98,20.45,81.8,78.6,0.818,178.2,True,0.45903,0.11476,0.54994
2026-01-01 18:40,Cell A,120,25.0,100.0,95.0,1.0,200.0,True,0.5,0.125,0.6
2026-01-01 18:40,Cell B,113,23.61,94.4,90.0,0.944,193.3,True,0.48836,0.12214,0.58458
2026-01-01 18:40,Cell C,61,12.8,51.2,51.1,0.512,141.4,True,0.36209,0.09052,0.4314
2026-01-01 18:40,Cell D,95,19.85,79.4,76.5,0.794,175.3,True,0.45294,0.11323,0.54193
2026-01-01 18:40,Cell E,69,14.42,57.7,56.9,0.577,149.2,True,0.38673,0.09665,0.46247
2026-01-01 18:40,Cell F,86,18.04,72.2,69.9,0.722,166.6,True,0.43337,0.10828,0.51621
2026-01-01 18:45,Cell A,115,23.97,95.9,91.3,0.959,195.0,True,0.49179,0.12292,0.58974
2026-01-01 18:45,Cell B,120,25.0,100.0,95.0,1.0,200.0,True,0.5,0.125,0.6
2026-01-01 18:45,Cell C,77,16.12,64.5,63.0,0.645,157.4,True,0.40978,0.10241,0.4892
2026-01-01 18:45,Cell D,107,22.35,89.4,85.5,0.894,187.3,True,0.47731,0.11933,0.57128
2026-01-01 18:45,Cell E,48,10.06,40.3,41.2,0.403,128.3,True,0.31411,0.07841,0.37412
2026-01-01 18:45,Cell F,98,20.56,82.2,79.0,0.822,178.7,True,0.45999,0.11505,0.54841
2026-01-01 18:50,Cell A,120,25.0,100.0,95.0,1.0,200.0,True,0.5,0.125,0.6
2026-01-01 18:50,Cell B,114,23.86,95.4,90.9,0.954,194.5,True,0.49049,0.12267,0.58612
2026-01-01 18:50,Cell C,63,13.23,52.9,52.6,0.529,143.5,True,0.36864,0.0922,0.43902
2026-01-01 18:50,Cell D,100,20.85,83.4,80.1,0.834,180.1,True,0.46308,0.11577,0.55525
2026-01-01 18:50,Cell E,61,12.72,50.9,50.8,0.509,141.0,True,0.36099,0.09021,0.43262
2026-01-01 18:50,Cell F,95,19.93,79.7,76.8,0.797,175.7,True,0.45361,0.11343,0.54069
2026-01-01 18:55,Cell A,120,25.0,100.0,95.0,1.0,200.0,True,0.5,0.125,0.6
2026-01-01 18:55,Cell B,101,21.2,84.8,81.3,0.848,181.8,True,0.46645,0.11661,0.55556
2026-01-01 18:55,Cell C,64,13.41,53.6,53.3,0.536,144.4,True,0.37119,0.09287,0.44321
2026-01-01 18:55,Cell D,96,20.2,80.8,77.7,0.808,177.0,True,0.4565,0.11412,0.54237
2026-01-01 18:55,Cell E,47,9.82,39.3,40.3,0.393,127.1,True,0.30921,0.07726,0.36979
2026-01-01 18:55,Cell F,92,19.28,77.1,74.4,0.771,172.6,True,0.4467,0.1117,0.53302
2026-01-01 19:00,Cell A,120,25.0,100.0,95.0,1.0,200.0,True,0.5,0.125,0.6
2026-01-01 19:00,Cell B,113,23.75,95.0,90.5,0.95,194.0,True,0.48969,0.12242,0.58247
2026-01-01 19:00,Cell C,70,14.74,59.0,58.1,0.59,150.7,True,0.39151,0.09781,0.4645
2026-01-01 19:00,Cell D,102,21.38,85.5,82.0,0.855,182.6,True,0.46824,0.11709,0.5586
2026-01-01 19:00,Cell E,56,11.77,47.1,47.4,0.471,136.5,True,0.34505,0.08623,0.41026
2026-01-01 19:00,Cell F,97,20.3,81.2,78.1,0.812,177.4,True,0.45772,0.11443,0.54679
2026-01-01 19:05,Cell A,120,25.0,100.0,95.0,1.0,200.0,True,0.5,0.125,0.6
2026-01-01 19:05,Cell B,118,24.75,99.0,94.1,0.99,198.8,True,0.49799,0.1245,0.59356
2026-01-01 19:05,Cell C,76,16.0,64.0,62.6,0.64,156.8,True,0.40816,0.10204,0.48469
2026-01-01 19:05,Cell D,102,21.44,85.8,82.2,0.858,182.9,True,0.46911,0.11722,0.55768
2026-01-01 19:05,Cell E,63,13.29,53.1,52.8,0.531,143.8,True,0.36926,0.09242,0.43811
2026-01-01 19:05,Cell F,90,18.91,75.7,73.1,0.757,170.8,True,0.44321,0.11071,0.52693
2026-01-01 19:10,Cell A,115,24.09,96.4,91.7,0.964,195.6,True,0.49284,0.12316,0.58793
2026-01-01 19:10,Cell B,108,22.67,90.7,86.6,0.907,188.8,True,0.4804,0.12007,0.57203
2026-01-01 19:10,Cell C,61,12.86,51.4,51.3,0.514,141.7,True,0.36274,0.09076,0.43049
2026-01-01 19:10,Cell D,110,22.99,92.0,87.8,0.92,190.4,True,0.48319,0.12075,0.57773
2026-01-01 19:10,Cell E,62,12.94,51.8,51.6,0.518,142.1,True,0.36453,0.09106,0.43631
2026-01-01 19:10,Cell F,96,20.21,80.8,77.7,0.808,177.0,True,0.4565,0.11418,0.54237
2026-01-01 19:15,Cell A,120,25.0,100.0,95.0,1.0,200.0,True,0.5,0.125,0.6
2026-01-01 19:15,Cell B,99,20.65,82.6,79.3,0.826,179.1,True,0.46119,0.1153,0.55276
2026-01-01 19:15,Cell C,69,14.45,57.8,57.0,0.578,149.4,True,0.38688,0.09672,0.46185
2026-01-01 19:15,Cell D,101,21.17,84.7,81.2,0.847,181.6,True,0.46641,0.11657,0.55617
2026-01-01 19:15,Cell E,62,13.05,52.2,52.0,0.522,142.6,True,0.36606,0.09151,0.43478
2026-01-01 19:15,Cell F,97,20.27,81.1,78.0,0.811,177.3,True,0.45742,0.11433,0.5471
2026-01-01 19:20,Cell A,120,25.0,100.0,95.0,1.0,200.0,True,0.5,0.125,0.6
2026-01-01 19:20,Cell B,106,22.13,88.5,84.7,0.885,186.2,True,0.4753,0.11885,0.56928
2026-01-01 19:20,Cell C,73,15.37,61.5,60.3,0.615,153.8,True,0.39987,0.09993,0.47464
2026-01-01 19:20,Cell D,103,21.48,85.9,82.3,0.859,183.1,True,0.46914,0.11731,0.56253
2026-01-01 19:20,Cell E,49,10.32,41.3,42.1,0.413,129.5,True,0.31892,0.07969,0.37838
2026-01-01 19:20,Cell F,91,19.05,76.2,73.6,0.762,171.4,True,0.44457,0.11114,0.53092
2026-01-01 19:25,Cell A,120,25.0,100.0,95.0,1.0,200.0,True,0.5,0.125,0.6
2026-01-01 19:25,Cell B,112,23.5,94.0,89.6,0.94,192.8,True,0.48755,0.12189,0.58091
2026-01-01 19:25,Cell C,58,12.17,48.7,48.8,0.487,138.4,True,0.35188,0.08793,0.41908
2026-01-01 19:25,Cell D,99,20.63,82.5,79.3,0.825,179.0,True,0.46089,0.11525,0.55307
2026-01-01 19:25,Cell E,52,10.98,43.9,44.5,0.439,132.7,True,0.33082,0.08274,0.39186
2026-01-01 19:25,Cell F,101,21.21,84.9,81.4,0.849,181.8,True,0.467,0.11667,0.55556
2026-01-01 19:30,Cell A,118,24.64,98.6,93.7,0.986,198.3,True,0.49723,0.12426,0.59506
2026-01-01 19:30,Cell B,120,25.0,100.0,95.0,1.0,200.0,True,0.5,0.125,0.6
2026-01-01 19:30,Cell C,65,13.61,54.4,54.0,0.544,145.3,True,0.3744,0.09367,0.44735
2026-01-01 19:30,Cell D,108,22.57,90.3,86.3,0.903,188.4,True,0.4793,0.1198,0.57325
2026-01-01 19:30,Cell E,58,12.29,49.1,49.2,0.491,139.0,True,0.35324,0.08842,0.41727
2026-01-01 19:30,Cell F,80,16.81,67.3,65.5,0.673,160.7,True,0.41879,0.1046,0.49782
2026-01-01 19:35,Cell A,117,24.57,98.3,93.4,0.983,197.9,True,0.49672,0.12415,0.59121
2026-01-01 19:35,Cell B,112,23.5,94.0,89.6,0.94,192.8,True,0.48755,0.12189,0.58091
2026-01-01 19:35,Cell C,67,14.01,56.0,55.4,0.56,147.3,True,0.38018,0.09511,0.45485
2026-01-01 19:35,Cell D,103,21.58,86.3,82.7,0.863,183.6,True,0.47004,0.11754,0.561
2026-01-01 19:35,Cell E,61,12.9,51.6,51.5,0.516,141.9,True,0.36364,0.09091,0.42988
2026-01-01 19:35,Cell F,96,20.19,80.7,77.7,0.807,176.9,True,0.45619,0.11413,0.54268
2026-01-01 19:40,Cell A,120,25.0,100.0,95.0,1.0,200.0,True,0.5,0.125,0.6
2026-01-01 19:40,Cell B,110,23.11,92.5,88.2,0.925,190.9,True,0.48455,0.12106,0.57622
2026-01-01 19:40,Cell C,58,12.14,48.5,48.7,0.485,138.2,True,0.35094,0.08784,0.41968
2026-01-01 19:40,Cell D,104,21.73,86.9,83.2,0.869,184.3,True,0.47151,0.11791,0.5643
2026-01-01 19:40,Cell E,59,12.35,49.4,49.5,0.494,139.3,True,0.35463,0.08866,0.42355
2026-01-01 19:40,Cell F,89,18.71,74.8,72.3,0.748,169.8,True,0.44052,0.11019,0.52415
2026-01-01 19:45,Cell A,120,25.0,100.0,95.0,1.0,200.0,True,0.5,0.125,0.6
2026-01-01 19:45,Cell B,118,24.74,99.0,94.1,0.99,198.8,True,0.49799,0.12445,0.59356
2026-01-01 19:45,Cell C,71,14.91,59.7,58.7,0.597,151.6,True,0.3938,0.09835,0.46834
2026-01-01 19:45,Cell D,102,21.28,85.1,81.6,0.851,182.2,True,0.46707,0.11679,0.55982
2026-01-01 19:45,Cell E,54,11.33,45.3,45.8,0.453,134.4,True,0.33705,0.0843,0.40179
2026-01-01 19:45,Cell F,91,18.96,75.9,73.3,0.759,171.0,True,0.44386,0.11088,0.53216
2026-01-01 19:50,Cell A,115,24.03,96.1,91.5,0.961,195.3,True,0.49206,0.12304,0.58884
2026-01-01 19:50,Cell B,120,25.0,100.0,95.0,1.0,200.0,True,0.5,0.125,0.6
2026-01-01 19:50,Cell C,67,14.08,56.3,55.7,0.563,147.6,True,0.38144,0.09539,0.45393
2026-01-01 19:50,Cell D,92,19.21,76.9,74.2,0.769,172.2,True,0.44657,0.11156,0.53426
2026-01-01 19:50,Cell E,59,12.3,49.2,49.3,0.492,139.0,True,0.35396,0.08849,0.42446
2026-01-01 19:50,Cell F,90,18.85,75.4,72.9,0.754,170.5,True,0.44223,0.11056,0.52786
2026-01-01 19:55,Cell A,120,25.0,100.0,95.0,1.0,200.0,True,0.5,0.125,0.6
2026-01-01 19:55,Cell B,105,21.88,87.5,83.8,0.875,185.0,True,0.47297,0.11827,0.56757
2026-01-01 19:55,Cell C,76,15.91,63.6,62.3,0.636,156.4,True,0.40665,0.10173,0.48593
2026-01-01 19:55,Cell D,107,22.39,89.6,85.6,0.896,187.5,True,0.47787,0.11941,0.57067
2026-01-01 19:55,Cell E,61,12.81,51.2,51.1,0.512,141.5,True,0.36184,0.09053,0.4311
2026-01-01 19:55,Cell F,85,17.87,71.5,69.3,0.715,165.8,True,0.43124,0.10778,0.51267
2026-01-01 20:00,Cell A,119,24.87,99.5,94.5,0.995,199.4,True,0.499,0.12472,0.59679
2026-01-01 20:00,Cell B,103,21.51,86.0,82.4,0.86,183.2,True,0.46943,0.11741,0.56223
2026-01-01 20:00,Cell C,61,12.89,51.6,51.4,0.516,141.9,True,0.36364,0.09084,0.42988
2026-01-01 20:00,Cell D,99,20.81,83.2,79.9,0.832,179.9,True,0.46248,0.11568,0.55031
2026-01-01 20:00,Cell E,68,14.23,56.9,56.2,0.569,148.3,True,0.38368,0.09595,0.45853
2026-01-01 20:00,Cell F,95,19.81,79.3,76.3,0.793,175.1,True,0.45288,0.11314,0.54255
2026-01-01 20:05,Cell A,120,25.0,100.0,95.0,1.0,200.0,True,0.5,0.125,0.6
2026-01-01 20:05,Cell B,113,23.55,94.2,89.8,0.942,193.1,True,0.48783,0.12196,0.58519
2026-01-01 20:05,Cell C,71,14.85,59.4,58.4,0.594,151.3,True,0.3926,0.09815,0.46927
2026-01-01 20:05,Cell D,104,21.8,87.2,83.5,0.872,184.6,True,0.47237,0.11809,0.56338
2026-01-01 20:05,Cell E,57,12.08,48.3,48.5,0.483,138.0,True,0.35,0.08754,0.41304
2026-01-01 20:05,Cell F,87,18.24,73.0,70.7,0.73,167.6,True,0.43556,0.10883,0.51909
2026-01-01 20:10,Cell A,120,25.0,100.0,95.0,1.0,200.0,True,0.5,0.125,0.6
2026-01-01 20:10,Cell B,116,24.19,96.8,92.1,0.968,196.1,True,0.49363,0.12336,0.59153
2026-01-01 20:10,Cell C,60,12.65,50.6,50.5,0.506,140.7,True,0.35963,0.08991,0.42644
2026-01-01 20:10,Cell D,120,25.0,100.0,95.0,1.0,200.0,True,0.5,0.125,0.6
2026-01-01 20:10,Cell E,71,14.95,59.8,58.8,0.598,151.8,True,0.39394,0.09848,0.46772
2026-01-01 20:10,Cell F,93,19.55,78.2,75.4,0.782,173.9,True,0.44968,0.11242,0.53479
2026-01-01 20:15,Cell A,120,25.0,100.0,95.0,1.0,200.0,True,0.5,0.125,0.6
2026-01-01 20:15,Cell B,118,24.65,98.6,93.7,0.986,198.3,True,0.49723,0.12431,0.59506
2026-01-01 20:15,Cell C,77,16.1,64.4,62.9,0.644,157.3,True,0.40941,0.10235,0.48951
2026-01-01 20:15,Cell D,99,20.74,82.9,79.7,0.829,179.5,True,0.46184,0.11554,0.55153
2026-01-01 20:15,Cell E,54,11.28,45.1,45.6,0.451,134.1,True,0.33632,0.08412,0.40268
2026-01-01 20:15,Cell F,85,17.75,71.0,68.9,0.71,165.2,True,0.42978,0.10745,0.51453
2026-01-01 20:20,Cell A,116,24.36,97.4,92.7,0.974,196.9,True,0.49467,0.12372,0.58913
2026-01-01 20:20,Cell B,112,23.37,93.5,89.1,0.935,192.2,True,0.48647,0.12159,0.58273
2026-01-01 20:20,Cell C,60,12.62,50.5,50.4,0.505,140.6,True,0.35917,0.08976,0.42674
2026-01-01 20:20,Cell D,104,21.69,86.8,83.1,0.868,184.1,True,0.47148,0.11782,0.56491
2026-01-01 20:20,Cell E,59,12.34,49.4,49.4,0.494,139.2,True,0.35489,0.08865,0.42385
2026-01-01 20:20,Cell F,87,18.27,73.1,70.8,0.731,167.7,True,0.4359,0.10894,0.51878
2026-01-01 20:25,Cell A,120,25.0,100.0,95.0,1.0,200.0,True,0.5,0.125,0.6
2026-01-01 20:25,Cell B,114,23.93,95.7,91.2,0.957,194.9,True,0.49102,0.12278,0.58492
2026-01-01 20:25,Cell C,62,13.0,52.0,51.8,0.52,142.4,True,0.36517,0.09129,0.43539
2026-01-01 20:25,Cell D,96,20.04,80.1,77.1,0.801,176.2,True,0.4546,0.11373,0.54484
2026-01-01 20:25,Cell E,63,13.18,52.7,52.5,0.527,143.3,True,0.36776,0.09197,0.43964
2026-01-01 20:25,Cell F,92,19.37,77.5,74.7,0.775,173.0,True,0.44798,0.11197,0.53179
2026-01-01 20:30,Cell A,120,25.0,100.0,95.0,1.0,200.0,True,0.5,0.125,0.6
2026-01-01 20:30,Cell B,116,24.23,96.9,92.2,0.969,196.3,True,0.49363,0.12343,0.59093
2026-01-01 20:30,Cell C,60,12.51,50.1,50.0,0.501,140.1,True,0.3576,0.08929,0.42827
2026-01-01 20:30,Cell D,109,22.85,91.4,87.3,0.914,189.7,True,0.48181,0.12045,0.57459
2026-01-01 20:30,Cell E,54,11.41,45.7,46.1,0.457,134.8,True,0.33902,0.08464,0.40059
2026-01-01 20:30,Cell F,86,17.98,71.9,69.7,0.719,166.3,True,0.43235,0.10812,0.51714
2026-01-01 20:35,Cell A,120,25.0,100.0,95.0,1.0,200.0,True,0.5,0.125,0.6
2026-01-01 20:35,Cell B,101,21.04,84.2,80.8,0.842,181.0,True,0.46519,0.11624,0.55801
2026-01-01 20:35,Cell C,75,15.81,63.3,61.9,0.633,155.9,True,0.40603,0.10141,0.48108
2026-01-01 20:35,Cell D,95,19.94,79.8,76.8,0.798,175.7,True,0.45418,0.11349,0.54069
2026-01-01 20:35,Cell E,62,13.08,52.3,52.1,0.523,142.8,True,0.36625,0.0916,0.43417
2026-01-01 20:35,Cell F,87,18.22,72.9,70.6,0.729,167.4,True,0.43548,0.10884,0.51971
2026-01-01 20:40,Cell A,111,23.2,92.8,88.5,0.928,191.3,True,0.4851,0.12128,0.58024
2026-01-01 20:40,Cell B,114,23.82,95.3,90.8,0.953,194.4,True,0.49023,0.12253,0.58642
2026-01-01 20:40,Cell C,70,14.7,58.8,57.9,0.588,150.6,True,0.39044,0.09761,0.46481
2026-01-01 20:40,Cell D,102,21.37,85.5,81.9,0.855,182.6,True,0.46824,0.11703,0.5586
2026-01-01 20:40,Cell E,70,14.59,58.3,57.5,0.583,150.0,True,0.38867,0.09727,0.46667
2026-01-01 20:40,Cell F,95,19.85,79.4,76.5,0.794,175.3,True,0.45294,0.11323,0.54193
2026-01-01 20:45,Cell A,120,25.0,100.0,95.0,1.0,200.0,True,0.5,0.125,0.6
2026-01-01 20:45,Cell B,115,24.07,96.3,91.7,0.963,195.6,True,0.49233,0.12306,0.58793
2026-01-01 20:45,Cell C,56,11.83,47.3,47.6,0.473,136.8,True,0.34576,0.08648,0.40936
2026-01-01 20:45,Cell D,104,21.8,87.2,83.5,0.872,184.6,True,0.47237,0.11809,0.56338
2026-01-01 20:45,Cell E,51,10.74,42.9,43.6,0.429,131.5,True,0.32624,0.08167,0.38783
2026-01-01 20:45,Cell F,88,18.53,74.1,71.7,0.741,168.9,True,0.43872,0.10971,0.52102
2026-01-01 20:50,Cell A,120,25.0,100.0,95.0,1.0,200.0,True,0.5,0.125,0.6
2026-01-01 20:50,Cell B,113,23.69,94.7,90.3,0.947,193.7,True,0.4889,0.1223,0.58338
2026-01-01 20:50,Cell C,75,15.76,63.0,61.7,0.63,155.6,True,0.40488,0.10129,0.48201
2026-01-01 20:50,Cell D,106,22.1,88.4,84.6,0.884,186.1,True,0.47501,0.11875,0.56959
2026-01-01 20:50,Cell E,51,10.82,43.3,44.0,0.433,131.9,True,0.32828,0.08203,0.38666
2026-01-01 20:50,Cell F,92,19.27,77.1,74.4,0.771,172.5,True,0.44696,0.11171,0.53333
2026-01-01 20:55,Cell A,116,24.34,97.4,92.6,0.974,196.8,True,0.49492,0.12368,0.58943
2026-01-01 20:55,Cell B,110,23.07,92.3,88.1,0.923,190.7,True,0.48401,0.12098,0.57682
2026-01-01 20:55,Cell C,63,13.17,52.7,52.4,0.527,143.2,True,0.36802,0.09197,0.43994
2026-01-01 20:55,Cell D,101,21.19,84.8,81.3,0.848,181.7,True,0.4667,0.11662,0.55586
2026-01-01 20:55,Cell E,58,12.1,48.4,48.6,0.484,138.1,True,0.35047,0.08762,0.41999
2026-01-01 20:55,Cell F,89,18.68,74.7,72.3,0.747,169.7,True,0.44019,0.11008,0.52445
2026-01-01 21:00,Cell A,120,25.0,100.0,95.0,1.0,200.0,True,0.5,0.125,0.6
2026-01-01 21:00,Cell B,104,21.69,86.8,83.1,0.868,184.1,True,0.47148,0.11782,0.56491
2026-01-01 21:00,Cell C,66,13.77,55.1,54.6,0.551,146.1,True,0.37714,0.09425,0.45175
2026-01-01 21:00,Cell D,106,22.26,89.0,85.1,0.89,186.8,True,0.47645,0.11916,0.56745
2026-01-01 21:00,Cell E,48,10.0,40.0,41.0,0.4,128.0,True,0.3125,0.07812,0.375
2026-01-01 21:00,Cell F,95,19.92,79.7,76.7,0.797,175.6,True,0.45387,0.11344,0.541
2026-01-01 21:05,Cell A,120,25.0,100.0,95.0,1.0,200.0,True,0.5,0.125,0.6
2026-01-01 21:05,Cell B,107,22.31,89.2,85.3,0.892,187.1,True,0.47675,0.11924,0.57189
2026-01-01 21:05,Cell C,66,13.85,55.4,54.9,0.554,146.5,True,0.37816,0.09454,0.45051
2026-01-01 21:05,Cell D,101,21.2,84.8,81.3,0.848,181.8,True,0.46645,0.11661,0.55556
2026-01-01 21:05,Cell E,61,12.83,51.3,51.2,0.513,141.6,True,0.36229,0.09061,0.43079
2026-01-01 21:05,Cell F,88,18.53,74.1,71.7,0.741,169.0,True,0.43846,0.10964,0.52071
2026-01-01 21:10,Cell A,120,25.0,100.0,95.0,1.0,200.0,True,0.5,0.125,0.6
2026-01-01 21:10,Cell B,120,25.0,100.0,95.0,1.0,200.0,True,0.5,0.125,0.6
2026-01-01 21:10,Cell C,72,15.06,60.2,59.2,0.602,152.3,True,0.39527,0.09888,0.47275
2026-01-01 21:10,Cell D,100,21.01,84.0,80.6,0.84,180.8,True,0.4646,0.11621,0.5531
2026-01-01 21:10,Cell E,55,11.53,46.1,46.5,0.461,135.3,True,0.34072,0.08522,0.4065
2026-01-01 21:10,Cell F,83,17.39,69.6,67.6,0.696,163.5,True,0.42569,0.10636,0.50765
2026-01-01 21:15,Cell A,120,25.0,100.0,95.0,1.0,200.0,True,0.5,0.125,0.6
2026-01-01 21:15,Cell B,108,22.56,90.2,86.2,0.902,188.3,True,0.47902,0.11981,0.57355
2026-01-01 21:15,Cell C,58,12.1,48.4,48.6,0.484,138.1,True,0.35047,0.08762,0.41999
2026-01-01 21:15,Cell D,103,21.65,86.6,82.9,0.866,183.9,True,0.47091,0.11773,0.56009
2026-01-01 21:15,Cell E,53,11.19,44.7,45.3,0.447,133.7,True,0.33433,0.08369,0.39641
2026-01-01 21:15,Cell F,98,20.53,82.1,78.9,0.821,178.5,True,0.45994,0.11501,0.54902
2026-01-01 21:20,Cell A,120,25.0,100.0,95.0,1.0,200.0,True,0.5,0.125,0.6
2026-01-01 21:20,Cell B,117,24.55,98.2,93.4,0.982,197.8,True,0.49646,0.12412,0.59151
2026-01-01 21:20,Cell C,73,15.33,61.3,60.2,0.613,153.6,True,0.39909,0.0998,0.47526
2026-01-01 21:20,Cell D,101,21.2,84.8,81.3,0.848,181.7,True,0.4667,0.11668,0.55586
2026-01-01 21:20,Cell E,62,12.97,51.9,51.7,0.519,142.3,True,0.36472,0.09115,0.4357
2026-01-01 21:20,Cell F,87,18.26,73.0,70.7,0.73,167.6,True,0.43556,0.10895,0.51909
2026-01-01 21:25,Cell A,118,24.7,98.8,93.9,0.988,198.6,True,0.49748,0.12437,0.59416
2026-01-01 21:25,Cell B,120,25.0,100.0,95.0,1.0,200.0,True,0.5,0.125,0.6
2026-01-01 21:25,Cell C,64,13.42,53.7,53.3,0.537,144.4,True,0.37188,0.09294,0.44321
2026-01-01 21:25,Cell D,109,22.77,91.1,87.0,0.911,189.3,True,0.48125,0.12029,0.57581
2026-01-01 21:25,Cell E,54,11.34,45.4,45.8,0.454,134.4,True,0.3378,0.08438,0.40179
2026-01-01 21:25,Cell F,101,21.18,84.7,81.2,0.847,181.6,True,0.46641,0.11663,0.55617
2026-01-01 21:30,Cell A,120,25.0,100.0,95.0,1.0,200.0,True,0.5,0.125,0.6
2026-01-01 21:30,Cell B,114,23.9,95.6,91.0,0.956,194.7,True,0.49101,0.12275,0.58552
2026-01-01 21:30,Cell C,78,16.32,65.3,63.7,0.653,158.3,True,0.41251,0.1031,0.49274
2026-01-01 21:30,Cell D,95,19.94,79.8,76.8,0.798,175.7,True,0.45418,0.11349,0.54069
2026-01-01 21:30,Cell E,37,7.86,31.5,33.3,0.315,117.7,True,0.26763,0.06678,0.31436
2026-01-01 21:30,Cell F,93,19.57,78.3,75.5,0.783,174.0,True,0.45,0.11247,0.53448
2026-01-01 21:35,Cell A,120,25.0,100.0,95.0,1.0,200.0,True,0.5,0.125,0.6
2026-01-01 21:35,Cell B,118,24.65,98.6,93.7,0.986,198.3,True,0.49723,0.12431,0.59506
2026-01-01 21:35,Cell C,67,14.12,56.5,55.8,0.565,147.8,True,0.38227,0.09553,0.45332
2026-01-01 21:35,Cell D,96,20.08,80.3,77.3,0.803,176.4,True,0.45522,0.11383,0.54422
2026-01-01 21:35,Cell E,51,10.79,43.2,43.9,0.432,131.8,True,0.32777,0.08187,0.38695
2026-01-01 21:35,Cell F,85,17.72,70.9,68.8,0.709,165.1,True,0.42944,0.10733,0.51484
2026-01-01 21:40,Cell A,120,25.0,100.0,95.0,1.0,200.0,True,0.5,0.125,0.6
2026-01-01 21:40,Cell B,110,23.09,92.3,88.1,0.923,190.8,True,0.48375,0.12102,0.57652
2026-01-01 21:40,Cell C,64,13.35,53.4,53.1,0.534,144.1,True,0.37058,0.09264,0.44414
2026-01-01 21:40,Cell D,105,21.93,87.7,83.9,0.877,185.2,True,0.47354,0.11841,0.56695
2026-01-01 21:40,Cell E,50,10.48,41.9,42.7,0.419,130.3,True,0.32157,0.08043,0.38373
2026-01-01 21:40,Cell F,87,18.16,72.6,70.4,0.726,167.2,True,0.43421,0.10861,0.52033
2026-01-01 21:45,Cell A,120,25.0,100.0,95.0,1.0,200.0,True,0.5,0.125,0.6
2026-01-01 21:45,Cell B,113,23.56,94.2,89.8,0.942,193.1,True,0.48783,0.12201,0.58519
2026-01-01 21:45,Cell C,73,15.32,61.3,60.2,0.613,153.6,True,0.39909,0.09974,0.47526
2026-01-01 21:45,Cell D,102,21.38,85.5,82.0,0.855,182.6,True,0.46824,0.11709,0.5586
2026-01-01 21:45,Cell E,53,11.09,44.4,44.9,0.444,133.2,True,0.33333,0.08326,0.3979
2026-01-01 21:45,Cell F,89,18.61,74.4,72.0,0.744,169.3,True,0.43946,0.10992,0.52569
2026-01-01 21:50,Cell A,120,25.0,100.0,95.0,1.0,200.0,True,0.5,0.125,0.6
2026-01-01 21:50,Cell B,104,21.8,87.2,83.5,0.872,184.6,True,0.47237,0.11809,0.56338
2026-01-01 21:50,Cell C,73,15.37,61.5,60.3,0.615,153.8,True,0.39987,0.09993,0.47464
2026-01-01 21:50,Cell D,95,19.94,79.8,76.8,0.798,175.7,True,0.45418,0.11349,0.54069
2026-01-01 21:50,Cell E,61,12.75,51.0,50.9,0.51,141.2,True,0.36119,0.0903,0.43201
2026-01-01 21:50,Cell F,93,19.55,78.2,75.4,0.782,173.8,True,0.44994,0.11249,0.5351
2026-01-01 21:55,Cell A,120,25.0,100.0,95.0,1.0,200.0,True,0.5,0.125,0.6
2026-01-01 21:55,Cell B,111,23.14,92.6,88.3,0.926,191.1,True,0.48456,0.12109,0.58085
2026-01-01 21:55,Cell C,70,14.74,59.0,58.1,0.59,150.7,True,0.39151,0.09781,0.4645
2026-01-01 21:55,Cell D,109,22.91,91.6,87.5,0.916,190.0,True,0.48211,0.12058,0.57368
2026-01-01 21:55,Cell E,54,11.44,45.8,46.2,0.458,134.9,True,0.33951,0.0848,0.4003
2026-01-01 21:55,Cell F,81,16.92,67.7,65.9,0.677,161.2,True,0.41998,0.10496,0.50248
2026-01-01 22:00,Cell A,46,9.79,39.1,40.2,0.391,127.0,True,0.30787,0.07709,0.3622
2026-01-01 22:00,Cell B,37,7.89,31.6,33.4,0.316,117.9,True,0.26802,0.06692,0.31383
2026-01-01 22:00,Cell C,13,2.72,10.9,14.8,0.109,93.1,True,0.11708,0.02922,0.13963
2026-01-01 22:00,Cell D,36,7.6,30.4,32.3,0.304,116.5,True,0.26094,0.06524,0.30901
2026-01-01 22:00,Cell E,19,4.0,16.0,19.4,0.16,99.2,True,0.16129,0.04032,0.19153
2026-01-01 22:00,Cell F,26,5.46,21.8,24.7,0.218,106.2,True,0.20527,0.05141,0.24482
2026-01-01 22:05,Cell A,44,9.29,37.2,38.5,0.372,124.6,True,0.29856,0.07456,0.35313
2026-01-01 22:05,Cell B,32,6.78,27.1,29.4,0.271,112.5,True,0.24089,0.06027,0.28444
2026-01-01 22:05,Cell C,26,5.58,22.3,25.1,0.223,106.8,True,0.2088,0.05225,0.24345
2026-01-01 22:05,Cell D,41,8.66,34.7,36.2,0.347,121.6,True,0.28536,0.07122,0.33717
2026-01-01 22:05,Cell E,16,3.5,14.0,17.6,0.14,96.8,True,0.14463,0.03616,0.16529
2026-01-01 22:05,Cell F,36,7.56,30.2,32.2,0.302,116.3,True,0.25967,0.065,0.30954
2026-01-01 22:10,Cell A,43,9.01,36.0,37.4,0.36,123.2,True,0.29221,0.07313,0.34903
2026-01-01 22:10,Cell B,31,6.61,26.4,28.8,0.264,111.7,True,0.23635,0.05918,0.27753
2026-01-01 22:10,Cell C,26,5.57,22.3,25.1,0.223,106.7,True,0.209,0.0522,0.24367
2026-01-01 22:10,Cell D,44,9.35,37.4,38.6,0.374,124.9,True,0.29944,0.07486,0.35228
2026-01-01 22:10,Cell E,25,5.41,21.6,24.5,0.216,106.0,True,0.20377,0.05104,0.23585
2026-01-01 22:10,Cell F,38,7.95,31.8,33.6,0.318,118.2,True,0.26904,0.06726,0.32149
2026-01-01 22:15,Cell A,50,10.52,42.1,42.9,0.421,130.5,True,0.32261,0.08061,0.38314
2026-01-01 22:15,Cell B,28,5.9,23.6,26.2,0.236,108.3,True,0.21791,0.05448,0.25854
2026-01-01 22:15,Cell C,32,6.7,26.8,29.1,0.268,112.1,True,0.23907,0.05977,0.28546
2026-01-01 22:15,Cell D,31,6.64,26.6,28.9,0.266,111.9,True,0.23771,0.05934,0.27703
2026-01-01 22:15,Cell E,22,4.61,18.5,21.6,0.185,102.2,True,0.18102,0.04511,0.21526
2026-01-01 22:15,Cell F,34,7.16,28.6,30.8,0.286,114.4,True,0.25,0.06259,0.2972
2026-01-01 22:20,Cell A,46,9.66,38.6,39.8,0.386,126.4,True,0.30538,0.07642,0.36392
2026-01-01 22:20,Cell B,38,8.11,32.4,34.2,0.324,118.9,True,0.2725,0.06821,0.3196
2026-01-01 22:20,Cell C,24,5.14,20.5,23.5,0.205,104.7,True,0.1958,0.04909,0.22923
2026-01-01 22:20,Cell D,30,6.36,25.5,27.9,0.255,110.5,True,0.23077,0.05756,0.27149
2026-01-01 22:20,Cell E,25,5.29,21.2,24.1,0.212,105.4,True,0.20114,0.05019,0.23719
2026-01-01 22:20,Cell F,32,6.75,27.0,29.3,0.27,112.4,True,0.24021,0.06005,0.2847
2026-01-01 22:25,Cell A,52,10.98,43.9,44.5,0.439,132.7,True,0.33082,0.08274,0.39186
2026-01-01 22:25,Cell B,42,8.77,35.1,36.6,0.351,122.1,True,0.28747,0.07183,0.34398
2026-01-01 22:25,Cell C,26,5.42,21.7,24.5,0.217,106.0,True,0.20472,0.05113,0.24528
2026-01-01 22:25,Cell D,33,7.05,28.2,30.4,0.282,113.8,True,0.2478,0.06195,0.28998
2026-01-01 22:25,Cell E,18,3.81,15.2,18.7,0.152,98.3,True,0.15463,0.03876,0.18311
2026-01-01 22:25,Cell F,43,9.16,36.6,38.0,0.366,124.0,True,0.29516,0.07387,0.34677
2026-01-01 22:30,Cell A,51,10.73,42.9,43.6,0.429,131.5,True,0.32624,0.0816,0.38783
2026-01-01 22:30,Cell B,48,10.07,40.3,41.2,0.403,128.3,True,0.31411,0.07849,0.37412
2026-01-01 22:30,Cell C,29,6.16,24.7,27.2,0.247,109.6,True,0.22536,0.0562,0.2646
2026-01-01 22:30,Cell D,31,6.56,26.2,28.6,0.262,111.5,True,0.23498,0.05883,0.27803
2026-01-01 22:30,Cell E,17,3.55,14.2,17.8,0.142,97.0,True,0.14639,0.0366,0.17526
2026-01-01 22:30,Cell F,38,8.0,32.0,33.8,0.32,118.4,True,0.27027,0.06757,0.32095
2026-01-01 22:35,Cell A,44,9.24,37.0,38.3,0.37,124.4,True,0.29743,0.07428,0.3537
2026-01-01 22:35,Cell B,31,6.6,26.4,28.8,0.264,111.7,True,0.23635,0.05909,0.27753
2026-01-01 22:35,Cell C,17,3.63,14.5,18.1,0.145,97.4,True,0.14887,0.03727,0.17454
2026-01-01 22:35,Cell D,40,8.35,33.4,35.1,0.334,120.1,True,0.2781,0.06953,0.33306
2026-01-01 22:35,Cell E,19,4.15,16.6,19.9,0.166,99.9,True,0.16617,0.04154,0.19019
2026-01-01 22:35,Cell F,37,7.81,31.2,33.1,0.312,117.5,True,0.26553,0.06647,0.31489
2026-01-01 22:40,Cell A,44,9.27,37.1,38.4,0.371,124.5,True,0.29799,0.07446,0.35341
2026-01-01 22:40,Cell B,50,10.55,42.2,43.0,0.422,130.6,True,0.32312,0.08078,0.38285
2026-01-01 22:40,Cell C,20,4.18,16.7,20.1,0.167,100.1,True,0.16683,0.04176,0.1998
2026-01-01 22:40,Cell D,39,8.25,33.0,34.7,0.33,119.6,True,0.27592,0.06898,0.32609
2026-01-01 22:40,Cell E,21,4.47,17.9,21.1,0.179,101.4,True,0.17653,0.04408,0.2071
2026-01-01 22:40,Cell F,31,6.51,26.0,28.4,0.26,111.3,True,0.2336,0.05849,0.27853
2026-01-01 22:45,Cell A,45,9.45,37.8,39.0,0.378,125.4,True,0.30144,0.07536,0.35885
2026-01-01 22:45,Cell B,43,9.08,36.3,37.7,0.363,123.6,True,0.29369,0.07346,0.3479
2026-01-01 22:45,Cell C,28,6.03,24.1,26.7,0.241,109.0,True,0.2211,0.05532,0.25688
2026-01-01 22:45,Cell D,34,7.23,28.9,31.0,0.289,114.7,True,0.25196,0.06303,0.29643
2026-01-01 22:45,Cell E,17,3.71,14.8,18.3,0.148,97.8,True,0.15133,0.03793,0.17382
2026-01-01 22:45,Cell F,29,6.09,24.4,26.9,0.244,109.2,True,0.22344,0.05577,0.26557
2026-01-01 22:50,Cell A,43,9.11,36.4,37.8,0.364,123.7,True,0.29426,0.07365,0.34762
2026-01-01 22:50,Cell B,43,9.0,36.0,37.4,0.36,123.2,True,0.29221,0.07305,0.34903
2026-01-01 22:50,Cell C,22,4.79,19.1,22.2,0.191,103.0,True,0.18544,0.0465,0.21359
2026-01-01 22:50,Cell D,37,7.89,31.5,33.4,0.315,117.9,True,0.26718,0.06692,0.31383
2026-01-01 22:50,Cell E,26,5.62,22.5,25.2,0.225,107.0,True,0.21028,0.05252,0.24299
2026-01-01 22:50,Cell F,24,5.09,20.4,23.3,0.204,104.4,True,0.1954,0.04875,0.22989
2026-01-01 22:55,Cell A,49,10.31,41.2,42.1,0.412,129.5,True,0.31815,0.07961,0.37838
2026-01-01 22:55,Cell B,38,8.06,32.3,34.0,0.323,118.7,True,0.27211,0.0679,0.32013
2026-01-01 22:55,Cell C,24,5.04,20.1,23.1,0.201,104.2,True,0.1929,0.04837,0.23033
2026-01-01 22:55,Cell D,38,7.94,31.8,33.6,0.318,118.1,True,0.26926,0.06723,0.32176
2026-01-01 22:55,Cell E,15,3.15,12.6,16.3,0.126,95.1,True,0.13249,0.03312,0.15773
2026-01-01 22:55,Cell F,37,7.91,31.7,33.5,0.317,118.0,True,0.26864,0.06703,0.31356
2026-01-01 23:00,Cell A,51,10.75,43.0,43.7,0.43,131.6,True,0.32675,0.08169,0.38754
2026-01-01 23:00,Cell B,51,10.72,42.9,43.6,0.429,131.4,True,0.32648,0.08158,0.38813
2026-01-01 23:00,Cell C,29,6.15,24.6,27.2,0.246,109.5,True,0.22466,0.05616,0.26484
2026-01-01 23:00,Cell D,35,7.33,29.3,31.4,0.293,115.2,True,0.25434,0.06363,0.30382
2026-01-01 23:00,Cell E,16,3.54,14.2,17.7,0.142,97.0,True,0.14639,0.03649,0.16495
2026-01-01 23:00,Cell F,32,6.73,26.9,29.2,0.269,112.3,True,0.23954,0.05993,0.28495
2026-01-01 23:05,Cell A,39,8.21,32.8,34.6,0.328,119.4,True,0.27471,0.06876,0.32663
2026-01-01 23:05,Cell B,39,8.21,32.9,34.6,0.329,119.4,True,0.27554,0.06876,0.32663
2026-01-01 23:05,Cell C,21,4.47,17.9,21.1,0.179,101.5,True,0.17635,0.04404,0.2069
2026-01-01 23:05,Cell D,38,7.97,31.9,33.7,0.319,118.3,True,0.26965,0.06737,0.32122
2026-01-01 23:05,Cell E,11,2.35,9.4,13.5,0.094,91.3,True,0.10296,0.02574,0.12048
2026-01-01 23:05,Cell F,26,5.57,22.3,25.0,0.223,106.7,True,0.209,0.0522,0.24367
2026-01-01 23:10,Cell A,46,9.77,39.1,40.2,0.391,126.9,True,0.30812,0.07699,0.36249
2026-01-01 23:10,Cell B,48,10.04,40.2,41.2,0.402,128.2,True,0.31357,0.07832,0.37441
2026-01-01 23:10,Cell C,29,6.07,24.3,26.9,0.243,109.1,True,0.22273,0.05564,0.26581
2026-01-01 23:10,Cell D,31,6.59,26.3,28.7,0.263,111.6,True,0.23566,0.05905,0.27778
2026-01-01 23:10,Cell E,9,2.07,8.3,12.5,0.083,90.0,True,0.09222,0.023,0.1
2026-01-01 23:10,Cell F,39,8.13,32.5,34.3,0.325,119.0,True,0.27311,0.06832,0.32773
2026-01-01 23:15,Cell A,45,9.39,37.5,38.8,0.375,125.1,True,0.29976,0.07506,0.35971
2026-01-01 23:15,Cell B,48,10.02,40.1,41.1,0.401,128.1,True,0.31304,0.07822,0.37471
2026-01-01 23:15,Cell C,25,5.33,21.3,24.2,0.213,105.6,True,0.2017,0.05047,0.23674
2026-01-01 23:15,Cell D,36,7.55,30.2,32.2,0.302,116.2,True,0.2599,0.06497,0.30981
2026-01-01 23:15,Cell E,19,4.15,16.6,19.9,0.166,99.9,True,0.16617,0.04154,0.19019
2026-01-01 23:15,Cell F,36,7.67,30.7,32.6,0.307,116.8,True,0.26284,0.06567,0.30822
2026-01-01 23:20,Cell A,52,10.88,43.5,44.2,0.435,132.2,True,0.32905,0.0823,0.39334
2026-01-01 23:20,Cell B,38,8.08,32.3,34.1,0.323,118.8,True,0.27189,0.06801,0.31987
2026-01-01 23:20,Cell C,13,2.78,11.1,15.0,0.111,93.3,True,0.11897,0.0298,0.13934
2026-01-01 23:20,Cell D,31,6.49,25.9,28.3,0.259,111.1,True,0.23312,0.05842,0.27903
2026-01-01 23:20,Cell E,12,2.52,10.1,14.1,0.101,92.1,True,0.10966,0.02736,0.13029
2026-01-01 23:20,Cell F,42,8.89,35.6,37.0,0.356,122.7,True,0.29014,0.07245,0.3423
2026-01-01 23:25,Cell A,43,9.0,36.0,37.4,0.36,123.2,True,0.29221,0.07305,0.34903
2026-01-01 23:25,Cell B,46,9.66,38.6,39.8,0.386,126.4,True,0.30538,0.07642,0.36392
2026-01-01 23:25,Cell C,30,6.31,25.2,27.7,0.252,110.3,True,0.22847,0.05721,0.27199
2026-01-01 23:25,Cell D,37,7.91,31.7,33.5,0.317,118.0,True,0.26864,0.06703,0.31356
2026-01-01 23:25,Cell E,16,3.41,13.6,17.3,0.136,96.3,True,0.14123,0.03541,0.16615
2026-01-01 23:25,Cell F,29,6.23,24.9,27.4,0.249,109.9,True,0.22657,0.05669,0.26388
2026-01-01 23:30,Cell A,44,9.25,37.0,38.3,0.37,124.4,True,0.29743,0.07436,0.3537
2026-01-01 23:30,Cell B,45,9.42,37.7,38.9,0.377,125.2,True,0.30112,0.07524,0.35942
2026-01-01 23:30,Cell C,20,4.35,17.4,20.7,0.174,100.9,True,0.17245,0.04311,0.19822
2026-01-01 23:30,Cell D,39,8.28,33.1,34.8,0.331,119.8,True,0.27629,0.06912,0.32554
2026-01-01 23:30,Cell E,21,4.41,17.6,20.9,0.176,101.2,True,0.17391,0.04358,0.20751
2026-01-01 23:30,Cell F,31,6.48,25.9,28.3,0.259,111.1,True,0.23312,0.05833,0.27903
2026-01-01 23:35,Cell A,56,11.7,46.8,47.1,0.468,136.2,True,0.34361,0.0859,0.41116
2026-01-01 23:35,Cell B,37,7.89,31.6,33.4,0.316,117.9,True,0.26802,0.06692,0.31383
2026-01-01 23:35,Cell C,25,5.22,20.9,23.8,0.209,105.0,True,0.19905,0.04971,0.2381
2026-01-01 23:35,Cell D,39,8.27,33.1,34.8,0.331,119.7,True,0.27652,0.06909,0.32581
2026-01-01 23:35,Cell E,25,5.39,21.6,24.4,0.216,105.9,True,0.20397,0.0509,0.23607
2026-01-01 23:35,Cell F,31,6.57,26.3,28.6,0.263,111.5,True,0.23587,0.05892,0.27803
2026-01-01 23:40,Cell A,47,9.86,39.4,40.5,0.394,127.3,True,0.30951,0.07745,0.36921
2026-01-01 23:40,Cell B,48,10.01,40.0,41.0,0.4,128.1,True,0.31226,0.07814,0.37471
2026-01-01 23:40,Cell C,16,3.35,13.4,17.1,0.134,96.1,True,0.13944,0.03486,0.16649
2026-01-01 23:40,Cell D,33,6.95,27.8,30.0,0.278,113.4,True,0.24515,0.06129,0.29101
2026-01-01 23:40,Cell E,30,6.3,25.2,27.7,0.252,110.2,True,0.22868,0.05717,0.27223
2026-01-01 23:40,Cell F,39,8.29,33.2,34.9,0.332,119.8,True,0.27713,0.0692,0.32554
2026-01-01 23:45,Cell A,37,7.88,31.5,33.4,0.315,117.8,True,0.2674,0.06689,0.31409
2026-01-01 23:45,Cell B,36,7.68,30.7,32.6,0.307,116.8,True,0.26284,0.06575,0.30822
2026-01-01 23:45,Cell C,15,3.27,13.1,16.8,0.131,95.7,True,0.13689,0.03417,0.15674
2026-01-01 23:45,Cell D,40,8.44,33.8,35.4,0.338,120.5,True,0.2805,0.07004,0.33195
2026-01-01 23:45,Cell E,22,4.66,18.6,21.8,0.186,102.4,True,0.18164,0.04551,0.21484
2026-01-01 23:45,Cell F,39,8.33,33.3,35.0,0.333,120.0,True,0.2775,0.06942,0.325
2026-01-01 23:50,Cell A,45,9.5,38.0,39.2,0.38,125.6,True,0.30255,0.07564,0.35828
2026-01-01 23:50,Cell B,48,10.04,40.2,41.1,0.402,128.2,True,0.31357,0.07832,0.37441
2026-01-01 23:50,Cell C,32,6.72,26.9,29.2,0.269,112.3,True,0.23954,0.05984,0.28495
2026-01-01 23:50,Cell D,34,7.22,28.9,31.0,0.289,114.7,True,0.25196,0.06295,0.29643
2026-01-01 23:50,Cell E,24,5.01,20.0,23.0,0.2,104.0,True,0.19231,0.04817,0.23077
2026-01-01 23:50,Cell F,32,6.78,27.1,29.4,0.271,112.6,True,0.24067,0.06021,0.28419
2026-01-01 23:55,Cell A,41,8.69,34.8,36.3,0.348,121.7,True,0.28595,0.07141,0.33689
2026-01-01 23:55,Cell B,32,6.82,27.3,29.6,0.273,112.7,True,0.24224,0.06051,0.28394
2026-01-01 23:55,Cell C,24,5.11,20.4,23.4,0.204,104.5,True,0.19522,0.0489,0.22967
2026-01-01 23:55,Cell D,41,8.65,34.6,36.2,0.346,121.5,True,0.28477,0.07119,0.33745
2026-01-01 23:55,Cell E,7,1.49,5.9,10.4,0.059,87.1,True,0.06774,0.01711,0.08037
2026-01-01 23:55,Cell F,37,7.86,31.4,33.3,0.314,117.7,True,0.26678,0.06678,0.31436
